任务ID,任务名称,优先级,状态,预计工时(人/日),负责人,开始日期,截止日期,前置依赖,技术栈,主要交付物,风险等级,备注
T001,界面功能增强-KOL列表页Tab切换,中,待排期,2,,,,influencer-authors-v3页面稳定运行,"Vue3, Element Plus, Pinia","Tab切换功能, 状态隔离机制, 路由参数持久化",低,需求明确技术可行性高
T001-1,组件结构调整及Tab布局,中,待开始,0.5,,,,,,"Vue3 Composition API, Element Plus Tabs",Tab组件骨架,低,
T001-2,Tab2嵌入influencer-v3组件,中,待开始,0.5,,,T001-1,,Vue3组件复用,Tab2数据展示功能,低,
T001-3,状态隔离与数据联调,中,待开始,0.5,,,T001-2,,"Pinia Store, API集成",双Tab独立状态管理,中,注意筛选条件联动
T001-4,测试及样式优化,中,待开始,0.5,,,T001-3,,E2E测试,完整测试报告,低,
T002,批量同步功能优化,高,需求分析,3-4,,,,"KolSyncService, 爬虫API稳定","NestJS, Bull/BullMQ, Redis, WebSocket","批量同步接口, 任务队列, 进度监控",中,建议先进行性能基准测试
T002-1,后端接口改造及任务队列集成,高,待开始,1,,,,"PostgreSQL连接池, Redis","NestJS, Bull, TypeORM","批量同步API, 任务队列配置",中,注意超时和内存控制
T002-2,批处理逻辑及性能优化,高,待开始,1,,,T002-1,,"TypeORM, 数据库事务",批处理服务,中,每批100条控制并发
T002-3,前端进度展示及WebSocket集成,高,待开始,1,,,T002-1,,"Socket.IO, Vue3","进度条组件, 实时状态更新",中,处理连接断开重连
T002-4,测试及异常处理优化,高,待开始,0.5-1,,,T002-2 T002-3,,压力测试,"测试报告, 异常处理方案",高,测试100/500/1000条场景
T003,跨平台达人匹配置信度算法开发,中,设计阶段,4-5,,,,kol_private_matches表结构完整,"NestJS, PostgreSQL, Levenshtein","匹配算法, 审核界面, 算法配置",高,建议先小规模实验验证
T003-1,多维度评分算法设计及实现,中,待开始,1.5,,,,author_core_view数据完整,"TypeScript, 算法设计","匹配评分算法, 单元测试",高,需要实际数据验证调优
T003-2,字符串相似度计算及性能优化,中,待开始,1,,,T003-1,,"Levenshtein库, PostgreSQL索引",相似度计算模块,高,处理emoji和特殊字符
T003-3,数据库查询优化,中,待开始,0.5,,,T003-1,,PostgreSQL索引优化,数据库优化方案,中,考虑Elasticsearch
T003-4,前端审核界面开发,中,待开始,1,,,T003-1,,"Vue3, Element Plus",匹配审核管理界面,中,支持批量审核操作
T003-5,测试及算法调优,中,待开始,0.5-1,,,T003-2 T003-3 T003-4,,准确率测试,算法评估报告,高,建立500-1000条标注数据集
T004,爬虫系统升级与性能优化,中,功能测试中,8-10,,,,爬虫系统架构稳定,"Python3.11, Playwright, PostgreSQL","多账号池, 代理IP池, 统计算法, 调度优化",高,需要7x24h稳定性验证
T004-1,多账号池完善及测试,中,进行中,2,,,,商业代理IP已采购,"Python, Playwright, 账号管理",账号池管理系统,高,防止账号批量封禁
T004-2,代理IP池优化及监控,中,进行中,1.5,,,T004-1,,"快代理/豌豆HTTP, IP质量评分",代理IP管理系统,中,IP地域分布优化
T004-3,统计算法设计及实现,中,待开始,2,,,,,Python数据分析,数据规模推算算法,中,基于样本统计推算总体
T004-4,调度算法优化及断点续传增强,中,待开始,2,,,T004-3,,"任务调度, 状态持久化",智能调度系统,中,QPS自适应调整
T004-5,性能测试及调优,中,待开始,1.5,,,T004-1 T004-2 T004-4,,压力测试,性能测试报告,高,验证突破20万瓶颈
T004-6,监控面板及日志优化,中,待开始,1,,,T004-4,,"Prometheus, Grafana(可选)",监控系统,低,实时监控爬虫状态
