序号,机构logo,"供应商全称
",机构名,"供应商性质
（直媒/集采/独代）",当前政策梯度,供应商开票内容,供应商开票信息,24年政策,,25年政策,,24年合作情况,,25年合作情况,,"签框前
累量金额
（针对新签约供应商）",税率(%),返点账期,支付账期,是否代下单,代下单服务费,一级对接人,,,,二级对接人,,,年框合同信息,,,,,,,,资源类型,资源属性,可合作平台,,,,,,,,,,供应商简介,2025年刊例链接,,,,,,,,,,,,
,,,,,"政策范围：
X≥30%
25%≤X＜30%
20%≤X＜25%
15%≤X＜20%
10%≤X＜15%
X＜10%",,,签约政策,当前政策,签约政策,当前,全年累量金额,"合同期内
累量金额",全年累量金额,"合同期内
累量金额",,,,,,,"对接人
姓名","对接人
职称",对接人邮箱,对接人微信号/电话号码,"对接人
姓名","对接人
职称",对接人微信号/电话号码,开始,结束,到期时间,沟通进度,沟通备注,沟通时间,跟进人,双盖合同,,,"抖音
",小红书,"微信
公众号","微信
视频号","微博
",B站,知乎,快手,懂车帝,"其他
（注明平台）",,1月,2月,3月,4月,5月,6月,7月,8月,9月,10月,11月,12月,备注
1,,奇光青穗(广州)数字传媒有限公司,奇光青穗,独代+集采,25%≤X＜30%,广告服务*广告发布费 ,,"1、合作政策：
自营资源：0-500W：25%
500W以上：30%
外采资源：不低于15%
2、不可代下单，无支付账期
3、返点账期：1个月
4、资源类型：丰富视频号资源","自营：0-500W：25%
外采：不低于15%","自营：25%
外采：R≥15%","自营：25%
外采：R≥15%",,,,,,6,1个月,/,/,/,梁钊恒,策划运营总监,   1321055540@qq.com,15802034024,,,,2025/1/1,2025/12/31,62,已归档,,,SIRI,奇光青穗25年框架.pdf,,,,,,√,,,,,,,,,,,【奇光青穗】青穗传媒-视频号达人-4月刊例(8).xlsx,青穗传媒-视频号达人-5月刊例(19).xlsx,青穗传媒-视频号达人-6月刊例(18).xlsx,青穗传媒-视频号达人-7月刊例(3).xlsx,青穗传媒-视频号达人-8月刊例.xlsx,,青穗传媒-视频号达人-10月刊例.xlsx,,,
🔥new,,江西省众灿互动科技股份有限公司,众灿、酷比，河书、炳灿/,独代+集采,25%≤X＜30%,现代服务*信息服务费,,"政策：独家及外采资源通用政策
小红书：25%返点
抖音：30%返点","独家及外采资源通用政策
小红书：25%返点
抖音：30%返点","独家及外采资源通用政策
小红书：27%返点
抖音：30%返点","独家及外采资源通用政策
小红书：27%返点
抖音：30%返点","2,777,473","2,777,473",,,,6,1个月,3个月,是,/,周智婷,商务,zhouzhiting@zhongcanhd.com,15070779824,胡志超,商务总监,16607092030,,,,"独家政策：小红书：27%返点
抖音：30%返点
外采政策单独沟通
返点收到票后一个月内结算，不做代下单，无账期
@林诗茹可以推进续签",推进续约-签署合同中-玉莹,2025/10/16,SIRI,,"母婴,美妆,时尚,医生,亲子,家居,数码,旅行,生活","测评,探店,大学生,海归,高学历,育儿师,医生",√,√,,,,√,,,,,,众灿2025-1月刊例表众灿邹邹17607905936.xlsx,众灿2025-2月刊例特价..xlsx,众灿 2025-3月刊例表3.3(1).xlsx,【众灿】2025-4月刊例表4.1.xlsx,众灿2025-5月刊例表.xlsx,众灿2025-6月刊例表.xlsx,众灿2025-7月刊例表.xlsx,众灿2025-8月抖音自营刊例（小红书未更新）.xlsx,,众灿2025-10月刊例表.xlsx,,,
🔥new,,江西讯息文化传媒有限公司,讯息,独代+集采,25%≤X＜30%,广告服务*广告发布费,,"年框政策：
①签约+自营的视频号【代下互选】+【自主下互选】：0-100W：8折/返点20%，100W以上：75折/返点25%
②官媒政策：是表中为执行价格，0-100w：95折/返点5%，100w以上：9折/返点10%
PS：全平台一起累量，包含外采","年框政策：
①签约+自营的视频号【代下互选】+【自主下互选】：0-100W：8折/返点20%，100W以上：75折/返点25%
②官媒政策：是表中为执行价格，0-100w：95折/返点5%，100w以上：9折/返点10%
PS：全平台一起累量，包含外采","1、独家视频号、微博：0-100w返点25%；100w-200w返点30%
省广下单讯息独家微博博主额外奖励10%，由讯息推荐的非独家博主可以额外奖励5%的返点
3、视频号、微博外采返点拉齐20%
4、支付账期三个月，返点账期次月末结算
5、开票：广告服务*广告发布费  6%专票","1、独家视频号、微博：0-100w返点25%；100w-200w返点30%
省广下单讯息独家微博博主额外奖励10%，由讯息推荐的非独家博主可以额外奖励5%的返点
3、视频号、微博外采返点拉齐20%
4、支付账期三个月，返点账期次月末结算
5、开票：广告服务*广告发布费  6%专票","2,769,551","2,769,551",,,,6,1个月,3个月,是,/,李加顺,高级客户经理,shun-jiali@jxxxwhcmwwgc.onexmail.com ,14747044198,李家成,客户总监,18779478303,2025/6/1,2026/5/31,213,已归档,,,SIRI,讯息X省广25年年框协议.pdf,"汽车,母婴,时尚,生活,家居,数码,剧情","测评,高学历,电视台/电台主持人,高管,企业/品牌创始人,官媒",√,√,√,√,√,√,,√,,今日头条/百家号,江西讯息文化传媒有限公司简介(1).pdf,,,"讯息文化3月官方媒体限价.xlsx
讯息文化MCN-3月刊例.xlsx","【讯息文化】4月官方媒体限价(1).xlsx
【讯息文化】4月视频号抖音刊例(1).xlsx","讯息文化&5月官方媒体限价.xlsx
讯息文化MCN&5月刊例(6).xlsx","讯息文化&6月官方媒体限价(1).xlsx
讯息文化MCN&6月刊例(1).xlsx",讯息文化MCN&7月刊例(2).xlsx,讯息文化MCN&8月刊例(2).xlsx,,"讯息文化&10月官方媒体限价(2).xlsx
讯息文化MCN&10月刊例(2).xlsx",,,
🔥new,,北京百车宝科技有限公司,百车宝,独代+集采,X≥30%,现代服务*信息服务费,,"确认政策：
1）政策：0< X ≤300W：25%
300W< X ≤500W：27% 
500W以上：30%
2）独家和外采资源可以一起累框",0< X ≤300W：25% ,全平台（抖音、视频号、小红书拉齐30%,全平台（抖音、视频号、小红书拉齐30%,"3,520,000","3,520,000",,,,6,3个月,/,否,/, 曹学超 ,华南商务总监,caoxuechao@baichebao.com,Jimmy cao,,,,2025/6/1,2026/5/31,213,已归档,,,SIRI,省广X百车宝25年年框合同.pdf,汽车,"专业赛车手,媒体主编/创始人,情侣,播音主持专业,演员表演",√,√,,√,√,,,√,√,今日头条,百车宝公司介绍.pdf,【百车宝】1月独家刊例（含商务签约达人）1.0.xlsx,【百车宝】2月独家刊例（含商务签约达人）2.1.xlsx,【百车宝】3月独家刊例（含商务签约达人）1.1.xlsx,【百车宝】4月独家刊例（含商务签约达人）V3.xlsx,【百车宝】5月独家刊例（含商务签约达人）7.0.xlsx,【百车宝】6月独家刊例（含商务签约达人）.xlsx,【百车宝】7月独家刊例（含商务签约达人）4.0.xlsx,【百车宝】8月独家刊例（含商务签约达人）.xlsx,,【百车宝】10月独家刊例（含商务签约达人）.xlsx,,,
🔥new,,北京新蜂趣驾网络科技有限公司,新蜂趣驾,独代,25%≤X＜30%,广告服务*广告发布费,,"政策：独家及外采资源通用政策（独家+外采累框）
独家+外采拉通政策
抖音+视频号：拉通30%
小红书：不低于20%
","政策：独家及外采资源通用政策（独家+外采累框）
独家+外采拉通政策
抖音+视频号：拉通30%
小红书：不低于20%",抖音30%（侣行25%），小红书25%,抖音30%（侣行25%），小红书25%,"185,000","185,000","除侣行账号25%以外，抖音平台其余所有博主拉齐30%
小红书平台：统一25%",,,6,1个月,/,否,/,刘园,商务经理,lyq@xfqj.top,18800120746, 安博超 ,总经理,abc2ysh,2025/7/1,2026/6/30,243,已归档,,,SIRI,省广x新蜂25年年框合同.pdf,"汽车,母婴,时尚,亲子,旅行,影视娱乐","高学历,电视台/电台主持人,高管,媒体主编/创始人,播音主持专业,演员表演,舞蹈,作家,节目创始人,节目嘉宾,汽车研究所所长,育儿师,模特",√,√,,√,,,,√,√,,新蜂MCN机构PPT介绍.pptx,,,新蜂&金盟主3月刊例.xlsx,【新蜂】&金盟主4月刊例.xlsx,新蜂&金盟主5月最新刊例.xlsx,新蜂&金盟主6月刊例.xlsx,新蜂趣驾7月刊例.xlsx,新蜂传媒8月刊例V2 .xlsx-新蜂小兔.xlsx,,新蜂传媒10月刊例(10.9）(9).xlsx,,,
🔥new,,苏州大禹数字文化科技集团有限公司,大禹,独代,25%≤X＜30%,现代服务·信息服务费,,"确认政策：
1）只售卖独家达人，不做资源外采
2）全平台拉通政策（抖音，小红书）
保量200W（未达标不设处罚条款），返点22%，全年累量达500W，全量增加2%的返点","1）只售卖独家达人，不做资源外采
2）全平台拉通政策（抖音，小红书）
保量200W（未达标不设处罚条款），返点22%，全年累量达500W，全量增加2%的返点",拉齐25%，汽车特殊账号30%,拉齐25%，汽车特殊账号30%,"273,400","273,400",,,,6,1个月,/,否,/,刘春艳,商务, liuchunyan@dayukeji.com,carol-liu123,刘春艳,商务,15021105657,2025/1/1,2025/12/31,62,已归档,,,SIRI,省广X大禹25年框合同.pdf,"母婴,美妆,时尚,医生,亲子","测评,大学生,海归,高学历,外国人,电视台/电台主持人,高管,演员,情侣,演员表演,专业化妆师/造型师,医生,插画师,设计师,留学生,营养师,高级皮肤管理师,电竞,（前）女团成员,（前）空姐,文化差异,（前）女团成员,音乐剧演员,二次元,海外,体制内,美术生,恋综嘉宾,3D全景声吃播,模特,方言,摄影师",√,√,√,√,√,√,,√,,今日头条/美拍/QQ空间/A站/点淘/淘宝逛逛,大禹公司介绍-商务版 2023.12.pdf,,,大禹3月刊例(16).xlsx,【大禹】抖音60秒+返30%汽车项目账号【250331】.xlsx,大禹5月刊例.xlsx,大禹刊例6月.xlsx,大禹资源刊例7月.xlsx,大禹8月刊例 资源.xlsx,,大禹刊例10月.xlsx,,,
7,,北京微润易行科技有限公司,熊小婴、天花板、泛生活,独代+集采,25%≤X＜30%,现代服务·信息服务费,,"政策：独家+外采
小红书：25%
抖音：25%
","政策：独家+外采
小红书：25%
抖音：25%",政策：独家+外采小红书：25%抖音：25%,政策：独家+外采小红书：25%抖音：25%,"5,066,740","5,066,740",,,,6,1个月,1个月,否,/,阿雅,副总经理, tangxiaoya@xiongxiaoying.com ,微信：U-ya77,马文耀,副总经理,"电话：18745125229
微信：xxyXXY770",2025/8/1,2026/7/31,274,已归档,,,SIRI,省广X微润易25-26年度代理协议.pdf,"母婴,生活,医生,亲子,家居,数码","测评,探店,高学历,外国人,高管,官媒,舞蹈,作家,医生,营养师,健康管理师,科普,运动/健身教练,中医,混血萌娃,lolita,手工手作,穿搭",√,√,,√,,,,,,,,,,"【熊小婴&美璨&泛生活】3月份小红书刊例-阿雅.xlsx
【熊小婴】大健康2025年3月刊例 0307.xlsx
熊小婴&天花板【家居｜3C数码】2025年3月刊例.xlsx
熊小婴【小红书｜抖音】25年3月母婴刊例-阿雅.xlsx",还没出,"天花板【家居｜3C数码】5月-阿雅16676702776.xlsx
【熊小婴】大健康2025年5月刊例 0509 xlsx.xlsx
熊小婴【小红书｜抖音｜视频号】5月-阿雅16676702776.xlsx
【泛生活】5月份小红书刊例-阿雅16676702776.xlsx",暂无,熊小婴【小红书｜抖音｜视频号】7月刊例.xlsx,熊小婴视频号8月份刊例.xlsx,,"【泛生活MCN】10月-小红书刊例.xlsx
【熊小婴】大健康刊例10月 1010xlsx.xlsx
天花板【家居｜3C数码】10月刊例.xlsx
熊小婴【小红书｜视频号｜抖音】10月刊例.xlsx",,,
🔥new,,南京掌心互动网络科技有限公司   ,掌心,独代,25%≤X＜30%,广告服务*广告发布费 ,,"政策：独家刊例资源政策
抖音：30%，需保roi项目保0.3左右：15%-20%返点，线下附加费无返点。
微博：微任务下单价返点 25%
微信（不走平台）：刊例折扣如下（头条/次条/植入）6折
刊例价格不含税不含平台互选费用

小红书：返点 25%，线下附加费无返点。
B站：返点15%
附加费用(包括但不限于挂车费、授权费、产品费、线下出席费、多人出镜费、差旅费等)无返点。


","政策：独家刊例资源政策
抖音：30%，需保roi项目保0.3左右：15%-20%返点，线下附加费无返点。
微博：微任务下单价返点 25%
微信（不走平台）：刊例折扣如下（头条/次条/植入）6折
刊例价格不含税不含平台互选费用

小红书：返点 25%，线下附加费无返点。
B站：返点15%
附加费用(包括但不限于挂车费、授权费、产品费、线下出席费、多人出镜费、差旅费等)无返点。
",全平台30%,全平台30%,"247,810","247,810","除深度合作头部博主高返点政策外
其余达人全平台（抖音，微博，小红书，b站）拉齐30%",,,6,1个月,/,否,/,曹玥,商务经理, yvonne@njzxhd.com,zxhdy13,药药,商务负责人/联合创始人,qi11han,2025/6/1,2026/5/31,213,已归档,,,SIRI,掌心互动25年年框.pdf,"汽车,母婴,美妆,时尚,生活,家居,数码","测评,海归,情侣,选美冠军",√,√,√,√,√,√,,√,,,2024掌心资源介绍 -V11-cy.pdf,掌心互动2025年1月全平台刊例【美妆+科技+家居+母婴+汽车】.xlsx,掌心互动2025年2月全平台刊例【美妆+科技+家居+母婴+汽车】.xlsx,掌心互动2025年3月全平台刊例【美妆+科技+家居+母婴+汽车】.xlsx,【掌心互动】2025年4月全平台刊例【美妆+科技+家居+母婴+汽车】.xlsx,掌心互动2025年5月全平台刊例【美妆+科技+家居+母婴+汽车】.xlsx,掌心互动2025年6月全平台刊例【美妆+科技+家居+母婴+汽车】.xlsx,掌心互动2025年7月全平台刊例【美妆+科技+家居+母婴+汽车】.xlsx,掌心互动2025年8月全平台刊例【美妆+科技+家居+母婴+汽车】(1).xlsx,,掌心互动2025年10月全平台刊例【美妆+科技+家居+母婴+汽车】.xlsx,,,
🔥new,, 青岛古麦嘉禾科技有限公司,古麦嘉禾、星禾时代,独代,25%≤X＜30%,广告服务*广告发布费,,"政策：独家资源政策（不做外采，不能代下单）
全平台（抖音、快手、小红书、b站、视频号）拉齐：不低于25% ",全平台（抖音、快手、小红书、b站、视频号）拉齐：不低于25% ,"全平台独家签约账号（包含：抖音、快手、小红书、b站、视频号）拉齐：
0-360W：30%
360-660W：33%
660W以上：35%
（含服务费累量，不含服务费计返）",0-360W：30%,"421,000","421,000",,,,6,1个月,/,否,/,黄月,商务经理,17660689893@163.com,,黄月,商务经理,gumai111,2025/6/1,2025/12/31,62,已归档,,,鑫豪,https://kxawb3u6td.feishu.cn/file/BOFgbVohFo9RkMxbOQxc5eUYn8c,"母婴,美妆,亲子,萌宠,剧情","测评,情侣,一人多角,古装/古风/国风",√,√,,√,,√,,√,,,古麦2024.pdf,【古麦嘉禾】2025年1月刊例.xlsx,【古麦嘉禾】2025年2月刊例.xlsx,【古麦嘉禾】2025年3月刊例.xlsx,【古麦嘉禾】2025年4月刊例.xlsx,【古麦嘉禾】2025年5月刊例(1).xlsx,【古麦嘉禾】2025年6月刊例.xlsx,【古麦嘉禾】2025年7月刊例.xlsx,【古麦嘉禾】2025年8月刊例.xlsx,,【古麦嘉禾】2025年10月刊例.xlsx,,,
10,,南京小灿灿网络科技有限公司,小灿灿、琥珀美妆、车节奏、麦籽、最美妆、苏颜美妆,独代+集采,20%≤X＜25%,现代服务*信息服务费,,"
政策：梯度返点政策（适用全平台：抖音/快手/小红书/懂车帝/今日头条/微博）
累量0-200W，返点17%
累量200-500W，返点20%
累量500-800W，返点22%
累量超过800w，返点25%
PS：汽车+美妆类型都通用政策，共同累量
零跑特殊政策：20%
","（适用全平台：抖音/快手/小红书/懂车帝/今日头条/微博）
累量0-200W，返点17%","（适用全平台：抖音/快手/小红书/懂车帝/今日头条/微博）0<A<500：22%
A>500：25%","（适用全平台：抖音/快手/小红书/懂车帝/今日头条/微博）0<A<500：22%
A>500：25%","982,000","982,000","除深度合作头部博主特殊合作政策外
合作年框政策为
0<A<500：22%
A>500：25%",,,6,1个月,/,否,/,刘健,商务总监, weixu@xiaocancan.cn,_army27,次次,商务,HTYR_Twelve,,,,"除深度合作头部博主特殊合作政策外
合作年框政策为
0<A<500：22%
A>500：25%
@张在森头部具体指哪些？去年好像没有说单独将头部拉出来的政策呢
猴哥说车，八戒说车，5号车库阿张（25%-35%）
确认好返点账期和发票信息后，可以推进签约@张在森",推进续约-签署合同中-法务,2025/10/16,SIRI,,"母婴,美妆,生活,家居","测评,coser,电视台/电台主持人,专业赛车手,演员,二次元",√,√,,√,,√,,√,√,今日头条,小灿灿新媒体简介2024.01.pdf,【麦籽网络】 2025年1月刊例价.xlsx,【麦籽网络】 2025年2月刊例价.xlsx,"【麦籽网络】 2025年3月刊例价.xlsx
【苏颜美妆】小灿灿新媒体- 2025年3月刊例.xlsx","【小灿灿麦籽网络】 2025年4月刊例价.xlsx
【小灿灿苏颜】小灿灿新媒体- 2025年4月刊例.xlsx",/,【麦籽网络】 2025年6月刊例价20250527.xlsx,【南京苏颜】小灿灿新媒体- 2025年7月刊例.xlsx,【南京苏颜】小灿灿新媒体- 2025年8月刊例.xlsx,,"【麦籽网络】 2025年10月刊例价20251009.xlsx
【南京苏颜】小灿灿新媒体- 2025年10月刊例.xlsx
车节奏2025年10月刊例价(1).xlsx",,  ,
14,,北京新动互联信息技术有限公司,新动互联,独代,x≥30%,现代服务*广告发布费,,"2024年政策：
抖音、小红书、快手
0<x<150 返点28%
150≦x<300 返点30%
300≦x<500 返点33%
500≦x 返点35%

视频号、微信政策：
0<x<150 返点30%
150≦x<300 返点32%
300≦x<500 返点35%
500≦x 返点40%
","抖音、小红书、快手
0<x<150 返点28%
视频号、微信政策：
0<x<150 返点30%","全平台机构自营/独家签约账号拉齐政策（包含：抖音 快手 小红书 视频号）：（“X”为不含平台服务费裸价）
0 < X<100  30%
100 ≤X<200  33%
X ≥200 35%
（不含服务费累量，不含服务费计返）",0-100W  30%,"987,500","987,500",,,,6,1个月,/,否,/,董瑶婵,商务经理,yaochan@xindong-inc.com,,毛磊,战略副总裁,imxianmo,2025/7/1,2025/12/31,62,已归档,,,鑫豪,双盖版【供应商-年框合同审批-数字】北京新动互联信息技术有限公司+年框供应商+2025年6月+2025年社会化媒体年度代理协议书-一式四份-批注版.pdf ,"汽车,母婴,美妆,生活,美食,萌宠,剧情,影视娱乐","企业/品牌创始人,演员,情侣,音乐剧演员,舞蹈老师",√,√,,√,√,,,√,,,新动互联传媒简介3.18.pdf,,,【新动传媒3月】达人刊例-2025 （最新调价）.xlsx,【新动传媒4月】达人刊例-2025.xlsx,【新动传媒5月】达人刊例-2025(1).xlsx,【新动传媒6月】达人刊例-2025.xlsx,【新动传媒7月】达人刊例-2025.xlsx,【新动传媒8月】达人刊例-2025- 8(1).xlsx,,【新动传媒10月】达人刊例-2025- 10.xlsx,,,
15,,"北京奇东传媒有限公司
北京奇光传媒有限公司",奇东、奇光、奇美、晓山,独代+集采,25%≤X＜30%,信息技术服务*信息服务费,,"奇东+奇光双主体累框
4、2024年政策：（独家+外采一起累框）
独家资源：抖音+小红书拉齐政策：
0-300万： 25%
300-600万 ：27%
600万以上： 30%
阶梯返点框架，不拉平。
例如：全年合作800万，返点计算为：（300万*0.25）+（300万*0.27）+（200万*0.3）
5、可以代下单，项目结束后账期1个月（可以红冲）
外采资源：返点不低于20%
","抖音+小红书拉齐政策：
0-300万： 25%","奇东+奇光双主体累框
1、2025年政策：
（独家资源+外采资源一起累框）
外采资源：不低于20%
独家资源(抖音+小红书）：
0-300万： 25%
300-600万 ：27%
600万以上： 30%
汽车类：不保量30%；保量cpm40cpe4，返点27%
阶梯返点框架，不拉平。
2、不可代下单
3、返点账期：次月结，两个主体返点要分开结算单确认
4、合同期：2025/7/1-2026/6/30
5、开票内容：现代服务*广告发布费，6%","外采资源：不低于20%
独家资源(抖音+小红书）：
0-300万： 25%
汽车类：不保量30%；保量cpm40cpe4，返点27%
阶梯返点框架，不拉平。","1,475,000","1,475,000",,,,6,1个月,1个月,是,/,阮历程,商务 ,278374897@qq.com,18924234521,杜青峰,商务总经理,13161801962,,,,"奇东+奇光双主体累框
1、2025年政策：
（独家资源+外采资源一起累框）
外采资源：不低于20%
独家资源(抖音+小红书）：
0-600万 ：27%
600万以上： 30%
汽车类：不保量30%；保量cpm40cpe4，返点27%
阶梯返点框架，不拉平。
2、不可代下单
3、返点账期：次月结，两个主体返点要分开结算单确认
4、合同期：2025/7/7-2026/6/30
5、开票内容：现代服务*广告发布费，6%

@林诗茹今年政策起码从27%起签 ——已沟通可执行
@林诗茹推进签约",推进续约-签署合同中-供应商,2025/9/26,SIRI,,"汽车,母婴,美妆,生活,美食,亲子,家居,数码,萌宠,旅行,二次元,剧情,三农","测评,探店,高学历,电视台/电台主持人,官媒,演员,情侣,舞蹈,插画师,留学生,营养师,二次元,模特,导演,科普,穿搭,运动员,滑板,变装,歌手/音乐,学习,运动健身,配音,童声合唱团,军事,潮鞋,武术,足球",√,,,√,,,,,,,奇东传媒简介2403.pdf,奇光MCN 2025年1月刊例.xlsx,奇光MCN 2025年2月刊例-小鬼.xlsx,"奇东-2025年3月星图刊例.xlsx
奇光MCN 2025年3月刊例-小鬼.xlsx",【奇光MCN】 2025年4月刊例-小鬼.xlsx,奇光MCN 2025年5月刊例.xlsx,奇光MCN 2025年6月刊例-小鬼 6.3.xlsx,奇东传媒 2025年7月星图刊例.xlsx,奇光MCN 2025年8月刊例-小鬼 .xlsx,,"奇东传媒 2025年10月星图刊例.xlsx
奇光MCN 2025年10月刊例-小鬼 .xlsx",,,
16,,郑州开心互动文化传播有限公司 ,NGE（原果庐）,独代,x≥30%,广告服务*广告发布费或信息技术服务*信息服务费都可,,"政策：自营
100w以下：
抖音30%
小红书20%
100-300W:
抖音35%
小红书22%
300w以上：
抖音40%
小红书25%","100w以下：
抖音30%
小红书20%","全平台机构自营/独家签约账号拉齐政策：
抖音：35%，小红书25%，微博机构微任务到手价10%（微博即省广下单机构自营独家账号，机构到手价的10%）",抖音：35%，小红书25%，微博机构微任务到手价10%,"224,300","224,300",,,,6,1个月,/,否,/,郑浩南,商务总监,19937102557@163.com,,宋子恒,商务主管,NGEAD688,2025/1/1,2025/12/31,62,已归档,,,鑫豪,双盖版【供应商-年框合同审批-数字】郑州开心互动文化传播有限公司+年框供应商+2025年8月+2025年社会化媒体年度代理协议书-一式四份-批注版.pdf ,"汽车,母婴,美妆,时尚,生活,亲子,家居,数码,二次元","测评,探店,coser,大学生,海归,高学历,电视台/电台主持人,演员,（前）女团成员,模特,摄影师,穿搭,asmr",√,√,,,√,,,,,,NGEppt.pdf,NGE传媒2５.1月全平台刊.xlsx,NGE传媒2月全平台刊(美妆汽车家居数码）2.18更新).xlsx,NGE传媒3月全平台刊(美妆汽车家居数码）(更新3.13) (1).xlsx,【NGE传媒】4月全平台刊(美妆汽车家居数码）小红书更新.xlsx,NGE传媒5月全平台刊(美妆汽车家居数码） (终版）.xlsx,NGE传媒6月全平台刊(美妆汽车家居数码） (终版6.5）.xlsx,NGE传媒7月全平台刊(美妆汽车家居数码）（7.1终）(1).xlsx,副本NGE传媒8月全平台刊(美妆汽车家居数码） (终版）7.29.xlsx,,NGE传媒10月全平台刊(美妆汽车家居数码） (9.30).xlsx,,,
17,,河南掌门互动网络科技有限公司,掌门互动,独代+集采,25%≤X＜30%,信息技术服务*信息服务费,,"微博（平台下单）：73折/返点27%
其他平台外采政策：外采可代下单，返点需要具体核价
代下单费用（不直联只做下单垫款，返点省广回收）小红书/抖音：1个月账期加收2个点 三个月账期加收5个点；b站：1个月账期加收5个点，","微博（平台下单）：73折/返点27%
其他平台外采政策：外采可代下单，返点需要具体核价","掌门人政策：
微博（平台下单）：72折/返点28%
微博（省广下单）：额外给到5%-10%，下单前需提前沟通，有个别账号给不到返点，但是很少，需要提前沟通
代下单：小红书、抖音、b站代下单不支持账期，需先款，1个点服务费
外采支付账期：无账期，需先款
返点账期：掌门下单直接抵扣，省广下单独家达人，后返返点，账期：月结
开票内容：信息技术服务*信息服务费
发票税率：6%
是否可配合比价：可","掌门人政策：
微博（平台下单）：72折/返点28%
微博（省广下单）：额外给到5%-10%，下单前需提前沟通，有个别账号给不到返点，但是很少，需要提前沟通
代下单：小红书、抖音、b站代下单不支持账期，需先款，1个点服务费
外采支付账期：无账期，需先款
返点账期：掌门下单直接抵扣，省广下单独家达人，后返返点，账期：月结
开票内容：信息技术服务*信息服务费
发票税率：6%
是否可配合比价：可","3,610,090","3,610,090",,,,6,1个月,1个月,是,/,李嘉欣,商务主管,longbai@zmrmedia.com,19103802664,赵春雨,总经理,13376177185,2025/7/1,2026/6/30,243,合同已寄出，待归档,,2025/9/26,SIRI,,"汽车,母婴,美妆,时尚,生活,美食,亲子,家居,数码,萌宠,旅行,二次元,剧情,漫画,影视娱乐,三农,财经","测评,探店,高学历,电视台/电台主持人,作家,医生,插画师,电竞,文化差异,二次元,模特,漫画,运动健身,星座",,,,,√,,,,,,掌门人 -公司介绍.pdf,"掌门人 & 综合资源-2025.01.xlsx
掌门人&自营+签约资源-2025.01xlsx.xlsx","掌门人 & 综合资源-2025.02.xlsx
掌门人&自营+签约资源-更新-2025.02(1).xlsx","掌门人&自营+签约资源-2025.03.xlsx
掌门人+&+综合资源-2025.03.xlsx","【掌门人】&自营+签约资源-2025.04.xlsx
【掌门人】+&+综合资源-2025.04.xlsx","掌门人 & 综合资源-2025.05.xlsx
掌门人&自营+签约资源-2025.05.xlsx",暂无,掌门人&自营+签约资源-2025.06.xlsx,"掌门人++&+综合资源-2025.08(1).xlsx
掌门人&自营+签约资源-2025.08(1).xlsx","掌门人  & 综合资源-2025.09.xlsx
掌门人&自营+签约资源-2025.09.xlsx","掌门人  & 综合资源-2025.10.xlsx
掌门人&自营+签约资源-2025.10.xlsx",,,
🔥new,,麦芽传媒,麦芽传媒,独代,25%≤X＜30%,信息服务费,,"政策：独家资源政策（不做外采，不能代下单）
全平台（抖音、快手、小红书、b站）拉齐：
0-200w：23%
200w+：25%","平台包括：抖音、小红书、快手、B站
全平台非车返点：
剧情类：60S内25%，60S+27%
非剧情：统一27%

全平台汽车返点：
剧情类：60S内25%，60S+30%
非剧情：60S内27%，60S+30%

短剧：25%","1、合作平台：
抖音、小红书、快手、B站
2、政策：
全平台非车返点27%
全平台汽车返点：60S内27%，60S+30%
短剧：30%
3、支付账期（线下款）：
返点账期：一个月
4、开票内容：广告服务*广告发布费  6%专票","1、合作平台：
抖音、小红书、快手、B站
2、政策：
全平台非车返点27%
全平台汽车返点：60S内27%，60S+30%
短剧：30%
3、支付账期（线下款）：
返点账期：一个月
4、开票内容：广告服务*广告发布费  6%专票","1,780,000","1,780,000",,,,6,1个月,/,否,/,童宝欣,商务,02482@maiyawx.com,,,,,,,,"1、合作平台：
抖音、小红书、快手、B站
2、政策：
全平台非车返点27%
全平台汽车返点：60S内27%，60S+30%
短剧：30%
3、支付账期（线下款）：
返点账期：一个月
4、开票内容：广告服务*广告发布费  6%专票
@郑玉莹
------------------------------------------------
1、非车拉齐30%；麦芽顶框就是27%，汽车是单独给到3个点的奖励，无法拉齐。
2、短剧是否可以一起累量？他们的顶框已经是30%，所以没有梯度划分，累量也没有更高梯度可触达，如果明年公司有新增梯度或者顶框，可重新签署补充协议。
3、华南团队和重庆团队怎么分工对接？华南团队是做自闭环的全域营销业务，就是会自己出方案接品牌方需求的，像个小乙方。因为那个华南的对接人之前在省广待过，就想把省广的业务翘到他手上去做。
@郑玉莹",推进续约-签署合同中-供应商,2025/9/26,SIRI,,"母婴,美妆,时尚,生活,亲子,剧情","测评,coser,大学生,海归,高学历,电视台/电台主持人,情侣,舞蹈,医生,二次元,摄影师,混血萌娃,一人多角,穿搭,运动健身",√,√,√,√,,√,,√,,,麦芽传媒.pdf,【麦芽传媒】1月刊例-麦芽星仔.xlsx,【麦芽传媒】2月刊例-星仔.xlsx,【麦芽传媒】3月刊例-麦芽星仔.xlsx,【麦芽传媒】 小红书4月刊例-赴北(1).xlsx,【麦芽传媒】5月刊例.xlsx,【麦芽传媒】6月刊例-麦芽星仔.xlsx,【麦芽传媒】7月刊例xlsx.xlsx,麦芽传媒刊例.pdf,,【麦芽传媒】10月刊例-麦芽星仔.xlsx,,,
19,,南京易启拼信息科技有限公司,易启拼,独代+集采,25%≤X＜30%,信息服务费,,"小红书：25%
抖音（非独家）：不低于20%
","小红书：25%
抖音（非独家）：不低于20%",,"机构：易启拼
机构类型：综合型（可外采，代下单）
政策：
小红书：25%
抖音（非独家）：不低于20%
支付账期：1个月
返点账期：收到平台款项1个月内
开票内容：现代服务*活动服务费
发票税率：6% 
是否可配合比价：可
年框时间：2025.8.1-2027.7.31

如果需要代下单需要前置沟通，账期1个月（项目结束后一个月必须回款）","1,896,972","1,896,972",,,,6,1个月,1个月,是,/,余艳,,yanzai@hzzdd.cn,,燕崽,ceo,yy715407960,,,,"机构：易启拼
机构类型：综合型（可外采，代下单）

政策：
小红书：25%
抖音（非独家）：不低于20%

累量提升合作金额达150w：（需按此梯度开始签署）
小红书：28%
抖音（非独家）：不低于23%（按25%沟通）
@邓惠雅需要压价
支付账期：1个月
返点账期：收到平台款项1个月内
开票内容：*（其他）现代服务*活动服务费
发票税率：6% 
是否可配合比价：可
如果需要代下单需要前置沟通，账期1个月（项目结束后一个月必须回款）
年框时间：2025.8.1-2027.7.31",政策沟通中,2025/9/3,,,"母婴,美妆,生活,美食,医生,亲子,家居,萌宠,旅行,剧情","探店,演员,医生,穿搭,运动健身",√,√,,,,,,,,,【找多多&易启拼】公司简介V2023.pdf,,,易启拼找多多刊例-3月.xlsx,【易启拼】找多多刊例-4月（核算版）.xlsx,易启拼找多多刊例-5月（核算版）.xlsx,易启拼找多多刊例-6月（未核算版）.xlsx,易启拼找多多刊例-7月（核算版）.xlsx,易启拼找多多刊例-8月（未核算版).xlsx,,找多多&易启拼刊例-10月.xlsx,,,
🔥new,,南昌文宸文化传媒有限公司,文宸、拉克,独代+集采,x≥30%,现代服务*信息服务费用,,"机构名称：南昌文宸、拉克
机构资源类型：综合型
政策：独家与外采通用政策（不同主体可以累框）
抖音：30%
小红书：基础25%（汽车探店类30%）
视频号：7折
支付账期：1个月（（可代下单，有额外5-10%服务费）","框）
抖音：30%
小红书：基础25%（汽车探店类30%）
视频号：7折","机构名称：南昌文宸、拉克
机构资源类型：车垂、营销号为主
政策：独家与外采通用政策（不同主体可以累框）
抖音：35%、上汽可保kpi
小红书：30%
视频号：65折
支付账期：1个月（（可代下单，无服务费，账期1个月）
返点账期：次月结（蓝票6%，活动服务费） 
开票内容：现代服务*信息服务费
发票税率：6%","机构名称：南昌文宸、拉克
机构资源类型：车垂、营销号为主
政策：独家与外采通用政策（不同主体可以累框）
抖音：35%、上汽可保kpi
小红书：35%
视频号：65折
支付账期：1个月（（可代下单，无服务费，账期1个月）
返点账期：次月结（蓝票6%，活动服务费） 
开票内容：现代服务*信息服务费
发票税率：6%","91,267","91,267",,,,6,1个月,/,否,/,樊涛,Mcn负责人,lakewh@foxmail.com,13767160877,樊涛,Mcn负责人,13767160877,2025/4/1,2026/3/31,152,已归档,,,SIRI,【文宸】25年年度代理协议.pdf,"汽车,母婴,时尚,生活,美食,数码,旅行,二次元,影视娱乐,财经,新闻资讯",官媒,√,√,,,,,,,,,拉克公司简介(1).pdf,1月文宸刊例.xlsx,2月文宸刊例.xlsx,3月文宸MCN-3.10.xlsx,【文宸】4月MCNV1-3.25.xlsx,5月文宸 拉克刊例 V4.xlsx,6月文宸-拉克V1 0529.xlsx,7月文宸&拉克&星之.xlsx,8月文宸&拉克&星之 0728(1)(4).xlsx,,10月V4文宸&拉克&星之0930.xlsx,,,
🔥new,,南京薄荷网络科技有限公司,最美妆,独代,25%≤X＜30%,信息技术服务*信息服务费,,"政策：独家阶梯型
全平台拉齐（小红书、抖音、快手}
0＜160：25%
160以上：28%","全平台拉齐（小红书、抖音、快手}
0＜160：25%","0＜R≤80
28%
80＜R≤200
30%","0＜R≤80
28%
80＜R≤200
30%","1,053,000","200,000","机构：最美妆、砂糖橘、香菜
资源类型：综合型（不外采）
政策：独家阶梯型
全平台拉齐（小红书、抖音、快手}
除深度合作头部博主特殊合作政策外
25年S级政策：
0＜A≤80   28%
80＜A≤200 30%
返点账期：一个月",,,6,1个月,/,否,/,苏楠 ,商务,zmz6688freya@163.com,"13218966720 
微信：bhzmz1818",苏苏,商务组长,"bhzmz6666
微信：15851816604",2025/1/1,2025/12/31,62,已归档,,,SIRI,省广x南京薄荷25年年框协议.pdf,"汽车,母婴,美妆,生活,剧情","测评,演员,高级皮肤管理师,选美冠军,歌手/音乐",√,√,,√,,,,,,,薄荷网络·最美妆介绍2024-苏苏.pdf,,,薄荷网络·最美妆 3月刊例.xlsx,【最美妆】  4月刊例.xlsx,薄荷网络·最美妆-香菜-砂糖橘-雪饼 5月刊例.xlsx,薄荷网络·最美妆-香菜-砂糖橘-雪饼 6月刊例.xlsx,薄荷网络·最美妆-香菜-砂糖橘-雪饼-彦同 7月刊例.xlsx,薄荷网络·最美妆-香菜-砂糖橘-雪饼-彦同 8月刊例.xlsx,,薄荷网络·最美妆10月刊例.xlsx,,,
24,,杭州无忧传媒有限公司,无忧传媒,独代+集采,25%≤X＜30%,信息服务费,,"1、政策：
全平台自营账号拉通以下政策，外采账号按需询价询档
0-1000W：25%
1000-2000W：28%
2000W以上：30%
","0-1000W：25%
1000-2000W：28%","0-1000W：25%
1000-2000W：28%","0-1000W：25%
1000-2000W：28%","5,000,000","5,000,000",,,,6,半年,1个月,是,/,李舜萍,商务负责人,lishunping@wuyou.com,ppz0008,,,,2025/1/1,2025/12/31,62,已归档,,,SIRI,省广X无忧25年年度代理协议.pdf,"母婴,美妆,时尚,生活,美食,亲子,家居,数码,萌宠,旅行,二次元,剧情,三农","测评,探店,coser,演员,舞蹈,二次元,乐队,古装/古风/国风,穿搭,变装,歌手/音乐,运动健身",√,√,√,√,√,√,,√,,,,无忧传媒1月刊例.xlsx,无忧传媒2月刊例.xlsx,无忧传媒3月刊例.xlsx,【无忧】传媒4月刊例.xlsx,无忧传媒5月刊例.xlsx,无忧传媒6月刊例.xlsx,无忧传媒7月刊例.xlsx,无忧传媒8月刊例 (2).xlsx,,无忧传媒10月刊例.xlsx,,,
,,初颂（上海）文化传播有限公司,初颂（原宸帆）,独代,20%≤X＜25%,信息服务费,,"小红书20%，抖音（汽车类25%）
账期：2个月，代下单，没有额外服务费
不做外采",小红书20%，抖音（汽车类25%）,,,"157,000",0,,,,6,1个月,2个月,是,/,李思曈,商务负责人,lisitong@thechenfan.com,ttonglee000,李思曈,商务负责人,ttonglee000,,,,"机构：初颂
机构类型：独代（可代下单）

政策：小红书20%，抖音20%（汽车类25%）
与24年政策完全没有变化不可以，目标小红书25%，抖音30%
@林诗茹
支付账期：2个月
返点账期：1个月
开票内容：现代服务*活动服务费
发票税率：6% 
是否可配合比价：可
年框时间：2025.8.1-2026.7.3",政策沟通中,2025/9/12,SIRI,,"母婴,美妆,时尚,生活","测评,大学生,海归,高学历,企业/品牌创始人,演员,情侣,播音主持专业,演员表演,设计师,（前）女团成员,（前）空姐,恋综嘉宾,模特,穿搭,歌手/音乐",√,√,,,,,,,,,,【初颂2025】红人1月刊例.xlsx,【初颂2025】红人2月刊例.xlsx,【初颂3月】红人刊例.xlsx,【初颂2025】红人4月刊例.xlsx,【初颂2025】红人5月刊例.xlsx,【初颂2025】红人6月刊例.xlsx,【初颂2025】红人7月刊例.xlsx,【初颂2025】红人8月刊例.xlsx,,【初颂2025】红人10月刊例.xlsx,,,
26,,深圳车大卖文化传媒有限公司,车大卖,独代+集采,25%≤X＜30%,广告发布费,,"独家政策：
全平台拉齐不低于25%",全平台拉齐不低于25%,全平台拉齐不低于25%,全平台拉齐不低于25%,0,0,,,,6,1个月,/,否,/,蒙俊鸿,商务负责人,chedamai@163.com,18688777839（同微信）,蒙俊鸿,商务负责人,18688777839（同微信）,2024.6.7,2025/6/6,-146,"机构类型：不参与外采业务，只做独家资源
政策：抖音30%，懂车帝25%
抖音和懂车帝都需要拉齐30%
@林诗茹五菱的聚光吐点都吐了32%，建议懂车帝的政策还要往上谈
支付账期：30天
返点账期：30天
开票内容：现代服务*信息服务费
发票税率：1% 
是否可配合比价：可以
是否可代下单：否
年框起始时间：2025/8/1-2026/7/31",政策沟通中,2025/9/12,SIRI,,汽车,"电视台/电台主持人,媒体主编/创始人,摄影师,导演",√,,,√,,,,,,,,车大卖1月份刊例.xlsx,车大卖2月份刊例.xlsx,车大卖3月份刊例.xlsx,【车大卖】4月份刊例.xlsx,车大卖5月份刊例.xlsx,车大卖6月份刊例.xlsx,车大卖7月份刊例.xlsx,车大卖刊例.pdf,,车大卖10月份刊例.xlsx,,,
27,,深圳市马上飞文化传媒有限公司,马上飞,独代+集采,25%≤X＜30%,广告发布费,,"独家政策：
全平台拉齐不低于25%",全平台拉齐不低于25%,全平台拉齐不低于25%,全平台拉齐不低于25%,"64,000","64,000",,,,6,1个月,/,否,/,皮兴耀,,pixingyao@163.com,,皮子,商务负责人,18201913321,2024.6.7,2025/6/6,-146,"机构名称：马上飞
机构资源类型：综合型（独家，户外旅行资源较多）

独家政策
全平台拉齐25%

年度累量提升
0-200w： 25%
200-400w: 28%
400w+：30%

@邓惠雅无升框，不签署，目标是拉齐30%
返点账期：1个月账期
开票内容：现代服务*活动服务费
发票税率：6%
是否可配合比价：是 
是否可代下单：否
年框时间：2025.8.1-2027.7.31",合作少，不签框，by case,2025/9/12,SIRI,,"汽车,亲子,旅行,剧情,财经","测评,探店,电视台/电台主持人,企业/品牌创始人,媒体主编/创始人,作家,摄影师",√,,,,,,,,,,,马上飞旅行mcn1月刊例.xlsx,马上飞旅行mcn2月刊例.xlsx,马上飞旅行mcn3月刊例.xlsx,【马上飞】旅行mcn4月刊例.xlsx,马上飞旅行mcn5月刊例(1)(1).xlsx,马上飞旅行mcn6月刊例(1).xlsx,马上飞旅行mcn7月刊例.xlsx,马上飞旅行mcn8月刊例（2).xlsx,,马上飞旅行mcn10月刊例 (5).xlsx,,,
28,,北京聆客广告有限公司,车动力,独代+集采,25%≤X＜30%,信息服务费,,"政策：抖音、小红书、视频号拉齐
0-50w： 25%
50-200w:w: 28%
200+：30%

外采：不低于20%","抖音、小红书、视频号拉齐
0-50w： 25%",抖音、小红书、视频号拉齐0-50w： 25%,抖音、小红书、视频号拉齐0-50w： 25%,0,0,,,,6,1个月,/,否,/,姚书婷,销售经理,yaoshuting@30sche.com,18610543422,吴广,30秒懂车联创,13810083218,2024.7.1,2025/6/30,-122,"机构：车动力
机构类型：独代+集采
@郑玉莹2025年更新政策：
「自有帐号」
帐号包括：谦谦学姐、甜小倩说车、冰冰不懂车、车圈李迪斯、说车的一哥、美小卓
1、抖音、视频号：30%
2、小红书：
0-50w： 25%
50-200w: 28%
200w+：30%
返点账期：1个月
开票内容：现代服务*信息服务费
发票税率：6% 
是否可配合比价：可
是否可代下单：否
年框时间：2025.8.1-2026.7.31
「外采帐号」
不低于20%（根据订单需求针对性沟通）
2025年政策（和去年一样 因为全年无单量  待有单量后续再提升）：
必须要升框才能签署，我们下半年又新中标了很多客户，这些客户都是吐点很猛的，基本政策达不到30%就合作不了@邓惠雅
@邓惠雅可推进签约",@郑玉莹已提升政策，待确认,2025/9/26,viya,,"汽车,亲子,旅行,剧情","测评,电视台/电台主持人,高管,专业赛车手,节目创始人,节目嘉宾,旅行家",√,√,,√,,,,,√,,车动力抖音MCN营销手册-0514v1.1.pdf,,,30秒懂车&车动力3月刊例.xlsx,【车动力】30秒懂车&车动力4月刊例.xlsx,车动力2025年5月份刊例.xlsx,车动力2025年6月份刊例.xlsx,车动力2025年7月份刊例(2).xlsx,车动力2025年8月份刊例-1.xlsx,,,,,
29,,广州睿搏文化传媒有限公司,睿搏,独代+集采,20%≤X＜25%,广告服务*广告发布费 ,,"独家政策：公众号+视频号：30%，小红书20%
集采：不低于20%
可以代下单，直接扣除返点合作，账期2个月，后面就不需要再额外支付返点
","独家政策：公众号+视频号：30%，小红书20%
集采：不低于20%",独家政策：公众号+视频号：30%，小红书20%集采：不低于20%,独家政策：公众号+视频号：30%，小红书20%集采：不低于20%,"402,099","402,099",,,,6,1个月,/,否,/,苏浩,媒介高级经理,2199667312@qq.com,电话：15899979301 微信号：w13060612866 ,顾嘉琪,媒介总监,JQ_524297462,2024.8.1,2026/7/31,274,已归档,,,SIRI,【双方盖章版】省广&睿搏2024年度MCN机构合作协议书.pdf,"汽车,母婴,美妆,时尚,生活,美食,亲子,家居,数码,旅行,影视娱乐,财经,新闻资讯","测评,探店,大学生,高学历,高管,情侣,舞蹈,作家,音乐剧演员,二次元,海外,模特,摄影师,古装/古风/国风,穿搭,漫画,变装,运动健身,星座,教师,地方/行业资讯,武术,退役军人",√,√,√,√,√,√,,,,,领通互联公司简介.pdf,【2025年1月】全国一手资源总表-【小冰文化@领通】睿博.xlsx,【2025年2月】全国一手资源总表-【小冰文化@领通】.xlsx,【2025年3月】全国一手资源总表-【小冰文化@领通】睿博.xlsx,还没出,【2025年5月】全国一手资源总表-【小冰文化@领通】.xlsx,【2025年6月】全国一手资源总表-【小冰文化@领通】.xlsx,5号前更新完,【2025年8月】全国一手资源总表-【小冰文化@领通】.xlsx,,【2025年10月】全国一手资源总表-【小冰文化@领通】.xlsx,,,
30,,杭州勇远直前文化传播有限公司,直前,独代+集采,25%≤X＜30%,信息服务费,,"独家政策：抖音、快手：拉齐30%，小红书：25%
外采政策：抖音不低于20%，小红书不低于15%
可外采不代下单","独家政策：抖音、快手：拉齐30%，小红书：25%
外采政策：抖音不低于20%，小红书不低于15%
可外采不代下单",独家政策：抖音、快手：拉齐30%，小红书：25%外采政策：抖音不低于20%，小红书不低于15%可外采不代下单,独家政策：抖音、快手：拉齐30%，小红书：25%外采政策：抖音不低于20%，小红书不低于15%可外采不代下单,"228,900","110,000",,,,6,1个月,/,否,/,胡倩,商务总监,qianqian@zhiqian168.com,15706201808,张璇,公司老板 ,17701306393,2024.7.1,2025/6/30,-122,"机构：直前
机构类型：独代+集采

2025、2026年政策：

独家政策：抖音：30%，小红书：25%，快手：30%
外采或定询政策：抖音不低于20%，小红书不低于15%，快手不低于20%。（这里需要沟通一下抖音和快手不低于25%，小红书不低于20%）

外采抖音和快手不低于25%，小红书不低于20%

可外采不代下单
@邓惠雅
返点账期：1个月
开票内容：以下二选一
第一优先级：*（其他）现代服务*活动服务费
第二优先级：*（其他）现代服务*信息服务费✅
发票税率：6% 
是否可配合比价：可
是否可代下单：否
年框时间：2025.8.1-2027.7.31
@邓惠雅可推进签署",@郑玉莹已提升政策，待确认,2025/9/26,viya,,"汽车,母婴,美妆,时尚,生活,美食,亲子,数码,旅行,二次元,剧情,影视娱乐,三农,财经","测评,探店,coser,大学生,外国人,电视台/电台主持人,演员,情侣,舞蹈,节目嘉宾,留学生,二次元,海外,一人多角,变装,歌手/音乐,运动健身",√,√,,,,,,,,,直前文化公司简介.pdf,,,【直前】(高返点）3月重点推荐达人刊例3.10.xlsx,"【直前】(高返点）4月重点推荐达人刊例0402.xlsx
【直前】家居家装达人-直前文化4.2.xls",【直前】(高返点）5月重点推荐达人刊例5.26.xlsx,【直前】(高返点）6月重点推荐达人刊例6.3(1).xlsx,【直前】(高返点）7月重点推荐达人刊例7.2.xlsx,【直前】(高返点）8月重点推荐达人刊例8.4.xlsx,,【直前】(高返点）10月重点推荐达人刊例10.13.xlsx,,,
31,,上海瞬视信息科技有限公司,门牙、克莱因、超麦mcn,独代+集采,25%≤X＜30%,信息技术服务-信息服务费,,"机构：门牙
政策：
0-300W：25%
300W以上：30%
","机构：门牙
政策：
0-300W：25%
300W以上：30%",,,"1,291,775","1,291,775",,,,6,1个月,/,否,/,李佳琦,商务负责人,lijiaqi@menyashipin.com,Lijiaqi4445,李佳琦,商务总裁,Lijiaqi4445,,,,"抖音、小红书：
0＜R＜300：27%
300≤R：30%
汽车项目：30%
不可代下单，不可外采
开票：其他现代服务*信息服务费，6%
@郑玉莹找佳琦确认",,,SIRI,,"汽车,母婴,美妆,生活,亲子,家居,数码,剧情","测评,高学历,外国人,电视台/电台主持人,演员,专业化妆师/造型师,留学生,高级皮肤管理师,模特,科普,穿搭,运动员,AI",√,√,,√,√,,,√,,,"【公司简介】
门牙视频是国内领先的短视频红人孵化平台，也是头部短视频MCN机构。
 
【综合实力】
签约达人超过1000位，全网粉丝数超过6亿，视频累计播放量超过600亿，单条视频最高播放量超过2亿。

【核心优势】
门牙视频是专注红人孵化和内容种草的短视频MCN机构；率先引领多赛道矩阵化布局，持续创新达人种草玩法，成为短视频时代优质流量综合体；擅长将内容流量转化为品牌价值，致力于为美妆、母婴、快消、汽车、家居、数码、时尚等产业品牌增长赋能，在短视频内容营销领域处于行业领先地位，已成功服务超过2500个国内外知名品牌。",【门牙视频】2025年1月抖音达人资源报价表.xlsx,【门牙视频】2025年2月抖音达人资源报价表.xlsx,"【门牙&门牙MCN】2025年3月小红书达人资源-椿.xlsx
【门牙视频&引力波&大芒果】2025年3月抖音达人资源报价表.xlsx
【门牙视频】25年3月快手&微博&视频号达人报价表.xlsx",【门牙】2025年4月抖音达人资源报价表.xlsx,"【门牙&门牙MCN】2025年5小红书达人资源.xlsx
【门牙视频&引力波&大芒果】2025年5月抖音达人资源报价表.xlsx","【门牙&门牙MCN】2025年6月小红书达人资源.xlsx
【门牙视频&引力波&大芒果】2025年6月抖音达人资源报价表(3).xlsx",【门牙视频&引力波&大芒果】2025年7月抖音达人资源报价表.xlsx,【门牙视频&引力波&大芒果】2025年8月抖音达人资源报价表(1).xlsx,,,,,
32,,湖南瞬视而为信息科技有限公司,,,,,,,,,,,,,,,,,,,,,,,,,,,,,,,,,SIRI,,,,,,,,,,,,,,,,,,,,,,,,,,,
33,,海南瞬视信息科技有限公司,,,,,,,,,,,,,,,,,,,,,,,,,,,,,,,,,SIRI,,,,,,,,,,,,,,,,,,,,,,,,,,,
34,,江苏瞬风瞬水信息科技有限公司,,,,,,,,,,,,,,,,,,,,,,,,,,,,,,,,,SIRI,,,,,,,,,,,,,,,,,,,,,,,,,,,
35,,广西瞬视信息科技有限公司,,,,,,,,,,,,,,,,,,,,,,,,,,,,,,,,,SIRI,,,,,,,,,,,,,,,,,,,,,,,,,,,
36,,宁波侵尘文化传媒有限公司,侵尘、侵尘碧玺、陆离、天禄,独代+集采,20%≤X＜25%,广告发布费,,"和侵尘白泽拉齐政策

年框时间：2023/9/1-2024/8/31
小红书+抖音平台拉齐政策
独家资源：返点20%（除enndeme跟寅山2个账号返点15%）
非独家资源：返点不低于15%
代下单账期：90天（内容发布日起算），代下单服务费：2%","独家资源：返点20%（除enndeme跟寅山2个账号返点15%）
非独家资源：返点不低于15%","全平台机构自营/独家签约账号拉齐政策（均为小红书平台）4个主体：
侵尘文化、侵尘碧玺、侵尘家居、天禄文化：23%    陆离文化：26% ",侵尘文化、侵尘碧玺、侵尘家居、天禄文化：23%    陆离文化：26% ,"1,508,000","1,508,000",,,,6,1个月,1个月,/,/,王宛瑛,渠道商务经理,kitty@kingsta.com,,林家贤 ,侵尘创始人之一,KM-kakazi,2025/7/1,2026/6/30,243,已归档,,,鑫豪,双盖版【供应商-年框合同审批-数字】宁波侵尘文化传媒有限公司+年框供应商+2025年6月+2025年社会化媒体年度代理协议书-一式四份-批注版.pdf ,"母婴,美妆,时尚,生活,美食,亲子,家居,数码,萌宠,旅行","测评,探店,coser,情侣,科普,古装/古风/国风,穿搭",√,√,,,,,,,,,,,侵尘文化2月刊例v1.xlsx,侵尘文化3月刊例v2.xlsx,【侵尘文化】4月刊例v3.xlsx,/,侵尘文化6月刊例v1(1).xlsx,侵尘文化7月刊例v3.xlsx,侵尘文化8月刊例v2.xlsx,,侵尘文化10月刊例v3.xlsx,,,
37,,成都潮我看文化传媒有限公司,OST,独代,x≥30%,广告服务*广告发布费 ,,"政策：独家刊例资源政策，没有外采
抖音：25%
小红书：20%
快手：20%",抖音：25%小红书：20%快手：20%,"抖音、快手、小红书：0<R<1000：30%
R≥1000：32%
短剧：30%
朱铁雄：10%
达莎 digi：10%
管家小葛：20%
北方姑娘糖糖、香菜不好：25%","抖音、快手、小红书：0<R<1000：30%
短剧：30%
朱铁雄：10%
达莎 digi：10%
管家小葛：20%
北方姑娘糖糖、香菜不好：25%","397,000","397,000",,,,6,1个月,1个月,是,/,尹乔,商务经理,yinqiao@ostyule.com,17078087222,王静怡,组长/商务总监,Dora9999900000,2025/1/1,2025/12/31,62,已归档,,,鑫豪,双盖版【供应商-年框合同审批-数字】成都潮我看文化传媒有限公司+年框供应商+2025年8月+2025年社会化媒体年度代理协议书-一式四份-批注版.pdf ,"汽车,美妆,时尚,生活,美食,亲子,家居,萌宠,二次元,剧情,影视娱乐,游戏","coser,情侣,舞蹈,插画师,二次元,模特,摄影师,lolita,古装/古风/国风,穿搭,滑板,跑酷,乐器,戏曲,变装,歌手/音乐",√,√,,√,√,√,,√,,,,,,"【3月】OST传媒 定制短剧刊例.xlsx
【3月】OST传媒定制短剧服务介绍.pdf
OST传媒-2025.3月刊例.xlsx",【OST传媒】-2025.4月刊例.xlsx,OST传媒-2025年5月刊例.xlsx,暂无,OST传媒-2025年7月2日刊例.xlsx,OST传媒-2025年8月刊例.xlsx,,OST传媒-2025年10月刊例.xlsx,,,
38,,深圳时刻文化传播有限公司,时刻文化,独代,X≥30%,信息服务费,,抖音、微信：30%，小红书：25%，其他平台免费分发不单独采买,抖音、微信：30%，小红书：25%，其他平台免费分发不单独采买,抖音、红书30%，时尚解说25%,抖音、红书30%，时尚解说25%,"241,400","241,400","抖音：所有类型32%，汽车量特别大的可以单独沟通
小红书：所有32%",,,6,1个月,/,否,/,路飞（陈光明）,商务经理 ,luffy@momentculture.com,ieven0303,ruby,商务总监,iruby007,,,,OA流程中,,2025/9/26,SIRI,,"汽车,美妆,时尚,生活,家居,数码,漫画","测评,探店,海归,高学历,高管,媒体主编/创始人,演员,（前）空姐,恋综嘉宾,舞蹈老师,模特,选美冠军,漫画",√,√,,√,,,,,,,,,,Robin【时刻文化&乘风破浪】2025年3月刊例 S .xlsx,【时刻文化&乘风破浪 Andy】2025年4月刊例.xlsx,/,Robin1时刻文化-乘风破浪 6月刊例(2).xlsx,Robin 时刻文化-乘风破浪 7月刊例.xlsx,时刻文化-乘风破浪 8月刊例.xlsx,,时刻文化-乘风破浪 10月刊例【科技家电；生活情侣亲子vlog；汽车；时尚资讯解说】.xlsx,,,
39,,长沙丁丁文化传媒有限公司,丁丁文化,独代,25%≤X＜30%,信息服务费,,"政策：独家刊例资源政策+全平台累量
0-300W 25%
300-500W 27%
大于500W 30%
",0-300W 25%,,,"1,083,400","1,083,400",,,,6,1个月,/,否,/,罗志泽,,994516365@qq.com ,,叮当,商务总经理,csddwh02,,,,"1、全平台机构自营/独家签约账号（包含：抖音 小红书快手 视频号）拉齐政策：25%
*累量以扣除平台服务费裸价累量
2、无法配合进行外采比价
3、无法配合进行平台代下单
4、若走平台需省广自行平台下单，下单预付无账期；若走水下合作账期最多1个月
5、返点账期（账号发布日计算）：1个月

丁丁的政策今年怎么感觉比去年还差了？@张鑫豪

————————
1、 全平台机构自营/独家签约账号（包括：抖音 小红书 快手 视频号）：
常规项目
0-300W 25%
300-500W 27%
大于500W 30%    
特殊项目
支付宝保险 20-60s【20%】/60s+【25%】   
汽车类客户 直接拉齐30%

要么全部拉齐30%，不要分汽车非车，要么起框要27%起@张鑫豪

—————————
目前沟通的政策如下，看是否还要推进签框@郑玉莹：
1、 全平台机构自营/独家签约账号（包括：抖音 小红书 快手 视频号等）：
常规项目-非车 独家
0-500W 28%
大于500W 30% 
常规项目-汽车 独家
>0W 30%

保险类项目或其他比价项目
>0W 20-25% （可具体沟通）

2、无法配合进行外采比价（可配合 具体需沟通）
3、无法配合进行平台代下单 （可配合 具体需沟通）
4、若走平台需省广自行平台下单，下单预付无账期；若走水下合作账期1个月
5、返点账期（账号发布日计算）：1个月

独家-项目省广单独承接，没有其他代理参与比较或者报价
比价-项目除省广以外，还有其余多家代理一起参与报价
@张鑫豪可推进签约","供应商配合度非常慢
且找各种理由拖延提交合同反馈以及入库材料，本年即将结束，建议不续签",2025/8/21,鑫豪,,"汽车,母婴,美妆,时尚,生活,家居,剧情","测评,大学生,电视台/电台主持人,高管,企业/品牌创始人,演员,专业化妆师/造型师,设计师,模特,导演,穿搭,变装,歌手/音乐,教师",√,√,,√,,,,√,,,,【长沙丁丁&集星】2025年1月刊例独家@阳阳(8).xlsx,【长沙丁丁&集星】2025年2月刊例独家@阳阳(3)(4).xlsx,【长沙丁丁&集星】2025年3月刊例独家@阳阳(4)(5).xlsx,【长沙丁丁&集星】2025年4月刊例独家@阳阳(4).xlsx,【长沙丁丁&集星】2025年5月刊例独家@阳阳(10)(1).xlsx,【长沙丁丁&集星】2025年6月刊例独家(3).xlsx,【长沙丁丁&集星】2025年7月刊例独家.xlsx,【长沙丁丁&集星】2025年8月刊例独家.xlsx,,【长沙丁丁&集星】2025年10月刊例独家..xlsx,,,
🔥new,,儒果文化,儒果文化,独代,X≥30%,信息服务*信息服务费,,"2024年框架政策：
车垂+旅行+财经账号（刊例sheet2、3）
0<X≤200w 27%
200<X≤500w 30%
500w<X 全额30%
娱乐营销账号（刊例sheet3、4）
星图40%，非星图45%

娱乐营销号合作金额可累计进梯度",0<X≤200w 27%,抖音、小红书、视频号、懂车帝拉齐30%,抖音、小红书、视频号、懂车帝拉齐30%,"1,835,000","1,835,000",,,,6,1个月,/,否,/,天逸,商务负责人,tianyi@ruguomcn.cn,13707972311,辜文勇,CEO,pig049,2025/7/1,2026/6/30,243,合同已寄出，待归档,,2025/9/26,SIRI,省广X儒果25-26年框合同.pdf,"汽车,生活,亲子,旅行,剧情,影视娱乐,财经,新闻资讯","测评,探店,电视台/电台主持人,节目创始人,二次元",√,√,,,,,,,,,,"1月-互动无限娱乐&新闻资讯刊例.xlsx
1月-儒果汽车、旅游刊例.xlsx","2月-互动无限娱乐&新闻资讯刊例.xlsx
2月-儒果mcn汽车、旅游达人刊例.xlsx","3月-互动无限娱乐&新闻资讯刊例儒果.xlsx
3月-儒果mcn汽车、旅游达人刊例.xlsx",【儒果】传媒mcn汽车、旅游达人刊例.xlsx,"5月-互动无限娱乐&新闻资讯刊例.xlsx
5月-儒果汽车、旅游达人刊例.xlsx","6月-互动无限娱乐&新闻资讯刊例.xlsx
6月-儒果汽车、旅游达人刊例..xlsx",7月-儒果汽车、旅游达人刊例.(1).xlsx,8月-儒果传媒mcn汽车、旅游达人刊例.xlsx,,"10月-互动无限娱乐&新闻资讯刊例.xlsx
10月-儒果传媒刊例（车垂，科技，旅游）..xlsx
10月-儒果自营母婴账号刊例.xlsx",,,
41,,北京青藤文化股份有限公司,青藤,独代,15%≤X＜20%,信息服务费,,"【B站和其他平台】
代理阶梯折扣：
0-100W：15%返点
101~300W：18%返点
301W+：20%返点/8折

【小红书】
代理阶梯折扣：
50万以下85折，50万以上8折

B站起步只能是15% 特殊电商季 比如 双十一和 618 部分博主独家博主可以给到20% 
先合作拿政策先走量",小红书、b站：15%,,,0,0,,,,6,1个月,/,否,/,晨熙,商务,weichenchen@ividea.cn,"电话   15311808390 
微信号  CC522601420",李晓 ,总监 ,curry324,2024.6.1,2025/5/31,-152,"机构：青藤
机构类型：独代

2025年政策（保持与2024一致）：

【B站和其他平台】
代理阶梯折扣：
0-100W：15%返点
101~300W：18%返点
301W+：20%返点/8折

【小红书】
代理阶梯折扣：
50万以下85折，50万以上8折

这两个平台低于20%我们基本不可能合作，如果谈不到20%以上，那就没必要签署了
@邓惠雅
B站起步只能是15% 特殊电商季 比如 双十一和 618 部分博主独家博主可以给到20% 
先合作拿政策先走量

返点账期：1个月
开票内容：现代服务*活动服务费
发票税率：6% 
是否可配合比价：可
年框时间：2025.8.1-2027.7.31",合作少，不签框，by case,2025/9/19,,,"母婴,美妆,时尚,生活,美食,亲子,家居,数码,二次元,剧情","测评,情侣,科普,动画,穿搭,学习,运动健身,配音,珠宝鉴赏",,√,,,,√,,,,,,"青藤-【b抖快微】25年1月刊例.xlsx
青藤-【小红书】光速吃饭25年1月刊例.xlsx","青藤-【b抖快微】25年2月刊例.xlsx
青藤-【小红书】光速吃饭25年2月刊例.xlsx","【b抖快微】青藤25年3月刊例.xlsx
【小红书】光速吃饭25年3月刊例.xlsx","【青藤】【b抖快微】青藤25年4月刊例.xlsx
【青藤】【小红书】光速吃饭25年4月刊例.xlsx","【b抖快微】青藤25年5月刊例.xlsx
【小红书】光速吃饭25年5月刊例.xlsx","【小红书】光速吃饭25年6月刊例.xlsx
【b抖快微】青藤25年6月刊例.xlsx","【b抖快微】青藤25年7月刊例.xlsx
【小红书】光速吃饭25年7月刊例.xlsx","【小红书】光速吃饭25年8月刊例.xlsx
【b抖快微】青藤25年8月刊例.xlsx",,,,,
🔥new,,上海灵猫文化传媒有限公司,灵猫,独代,25%≤X＜30%,信息服务费,,"独家政策：
抖音：25%
小红书、b站：20%
微博刊例价：供稿直发/转发无返点；原创返点刊例价的30%（即平台价格的30%）
公众号7折","独家政策：
抖音：25%
小红书、b站：20%
微博刊例价：供稿直发/转发无返点；原创返点刊例价的30%（即平台价格的30%）
公众号7折","全平台机构自营/独家签约账号（包含：抖音、小红书、B站、微博、微信公众号）
拉齐政策：抖音返点30%，小红书返点25%，B站微博微信公众号30%",抖音返点30%，小红书返点25%，B站微博微信公众号30%,"465,000","370,000",,,,6,1个月,/,否,/,吴荔枝,总经理,lizhi@shtt365.cn,XG88lffn,吴荔枝,总经理,XG88lffn,2025/1/1,2025/12/31,62,已归档,,,鑫豪,双盖版【供应商-年框合同审批-数字】上海灵猫文化传媒有限公司+年框供应商+2025年8月+2025年社会化媒体年度代理协议书-一式四份-批注版.pdf ,"美妆,时尚,生活,影视娱乐","测评,探店,演员,模特,漫画,教师",√,√,√,√,√,√,,,,,,灵猫文化2025年01月刊例.xlsx,灵猫文化2025年02月刊例..xlsx,灵猫文化2025年03月刊例.xlsx,【灵猫文化】2025年04月刊例..xlsx,/,灵猫文化2025年06月刊例.xlsx,灵猫文化2025年06月刊例.xlsx,灵猫文化2025年08月刊例.xlsx,,灵猫文化2025年10月刊例.xlsx,,,
43,,广州大象妈网络科技有限公司,象星球,独代+集采,25%≤X＜30%,信息服务费,,小红书：刊例表黄色25%，橙色15%，蓝色 10%-15%（蓝色大部分可给到15%）,小红书：刊例表黄色25%，橙色15%，蓝色 10%-15%（蓝色大部分可给到15%）,,,"1,830,285","1,830,285",,,,6,1个月,/,否,/,苏然,媒介执行负责人,yao@daxiangma.com, daxiangma506,,,,,,,"小红书：刊例表黄色25%（美赞成27%），橙色15%，蓝色 10%-15%（蓝色大部分可给到15%）@郑玉莹
黄色占比大概多少@林诗茹 80%以上，基本都是黄色为主@郑玉莹
推荐签署@林诗茹",推进续约-签署合同中-供应商,2025/9/19,SIRI,,,,,√,,,,,,,,,,未找到群聊,,,,,,,,,【象星球】10月小红书刊例1010.xlsx,,,
44,,武汉蓝色引擎网络科技有限公司,缤纷多彩,独代,25%≤X＜30%,信息服务费,,"抖音、快手平台政策
0-150w 返点22%
150w以上，返点25%",0-150w 返点22%,全平台25%、汽车行业30%,全平台25%、汽车行业30%,"100,000","100,000",,,,6,1个月,/,否,/, 阿星 ,,axing@wuyanliuse-Inc.com,,煎蛋,商务总监,18273943127,2025/7/1,2026/12/31,,已归档,,,SIRI,省广X缤纷多彩25-26年度代理协议.pdf,"汽车,母婴,生活,美食,亲子,数码,萌宠,旅行,二次元,剧情,影视娱乐,三农","测评,探店,大学生,情侣,舞蹈,插画师,二次元,漫画,运动健身",√,√,,√,,,,√,,,蓝色引擎公司介绍.pdf,杭州缤纷多彩-1月刊例 ---新.xlsx,杭州缤纷多彩-2月刊例 ---新.xlsx,杭州缤纷多彩-3月刊例 ---新(1).xlsx,【缤纷多彩】-4月刊例 （煎蛋）.xlsx,杭州缤纷多彩-5月刊例-小满.xlsx,杭州缤纷多彩-6月刊例-小满.xlsx,【缤纷多彩】7月刊例-小满.xlsx,【杭州缤纷多彩】-8月刊例-小满.xlsx,,杭州缤纷多彩-蓝色引擎 10月刊例（小满）.xlsx,,,
45,,杭州五颜六色文化传媒有限公司,五颜六色,独代,25%≤X＜30%,信息服务费,,"小红书（单独出来，不能一起累量）
0-100w，15%
100w+，20%
目前是机构公司要求小红书独立主体计量，目前暂时给不了这么高的返
抖音、快手平台政策
0-150w 返点22%
150w以上，返点25%","小红书：0-100w，15%
抖音、快手平台政策
0-150w 返点22%",抖音25%,抖音25%,"379,680","379,680",,,,6,1个月,/,否,/,五颜六色这边是王大花负责对接  colourful是皮皮负责对接,,王大花  wangzihan@wuyanliuse-inc.com     皮皮pipi@wuyanliuse-inc.com,王大花   15827072567    皮皮 18519145906,,,,2025/7/1,2026/6/30,243,已归档,,,SIRI,省广X五颜六色25-26年度代理协议.pdf,"汽车,母婴,美妆,时尚,生活,美食,亲子,萌宠,旅行,二次元,剧情,三农,游戏","情侣,二次元,科普,动画,古装/古风/国风,运动健身",√,,,,,,,,,,,五颜六色-杭州五颜六色-1月刊例.xlsx,五颜六色-杭州五颜六色-2月刊例.xlsx,五颜六色-杭州五颜六色-3月刊例.xlsx,还没出,没回复,杭州五颜六色-6月刊例6.3.xlsx,"杭州colourful-7月刊例.xlsx
五彩缤纷 7月小红书刊例-岚崽(1).xlsx",杭州五颜六色-8月刊例8.1.xlsx,,杭州五颜六色-10月刊例.xlsx,,,
46,,莆田五彩斑斓网络科技有限公司,colorful,,,,,,,,,,,,,,,1个月,,,,,,,,,,,,,,,,,,,,,,,,,,,,,,,,,,,,,,,杭州colourful-8月最新刊例.xlsx,,杭州colourful-10月最新刊例.xlsx,,,
47,,杭州五彩缤纷科技有限公司,五彩缤纷,独代+集采,20%≤X＜25%,信息服务费,,不做累框，小红书独家资源返点20%，外采资源不低于15%,小红书独家资源返点20%，外采资源不低于15%,外采独家可拉齐20%,外采独家可拉齐20%,"60,000","60,000",,,,6,1个月,/,否,/,耿聪,,jiuqi@wuyanliuse-inc.com,,九七,小红书商务组长,xiaohongshu97,,,,"1、小红书独家资源返点20%，外采资源不低于15%，大部分能给到25%，但无法按照25%作为基础框架签署
2、支付账期：一个月       返点账期：    发布后一个月       
3、开票：6%专票
4、不可代下单
@郑玉莹
@林诗茹这家现在全部都是小红书资源吗？建议独家和外采拉齐不低于20%的小红书政策，再低不OK
全都是小红书资源，外采独家可拉齐20%。@郑玉莹
@林诗茹可推进签约",入库流程中,2025/8/21,SIRI,,"母婴,美妆,时尚,生活,美食,家居,数码,萌宠,旅行,二次元,剧情","测评,探店,情侣,插画师,二次元,穿搭",,√,,,,,,,,,,,,五彩缤纷-3月红书刊例 岚崽.xlsx,【五彩缤纷】 4月小红书刊例-岚崽.xlsx,杭州五彩缤纷（小红书）5.26.xlsx,杭州五彩缤纷（小红书）6.4.xlsx,五彩缤纷 7月小红书刊例-岚崽(1).xlsx,杭州colourful-8月最新刊例.xlsx,,,,,
48,,上海睿驰嘉禾数字传媒科技有限公司,睿驰嘉禾,独代+集采,25%≤X＜30%,广告发布费,,"独家政策：不低于25%
外采政策：不低于20%","独家政策：不低于25%
外采政策：不低于20%",,,"1,920,000",0,,,,6,1个月,/,否,/,孙飞,副总经理,sunfei@ruiplus.com.cn,15010677891，gelunbu911,刘会冬,总经理,Frankliu2008 ,2024/7/1,2025/6/30,-122,,已过期，沟通中,,,睿驰嘉禾24年年框.pdf,"汽车,母婴,美妆,时尚,生活,美食,亲子,家居,数码,旅行,二次元,影视娱乐,财经,新闻资讯","测评,电视台/电台主持人,高管,企业/品牌创始人,媒体主编/创始人,舞蹈,作家,设计师,摄影师,科普,穿搭,AI,滑板",,,,√,,,,,,,,,,睿驰传媒-3月刊例.xlsx,【睿驰传媒】-4月刊例(1).xlsx,睿驰传媒-5月刊例（2）.xlsx,睿驰传媒-6月刊例.xlsx,睿驰传媒-7月刊例.xlsx,睿驰传媒-8月刊例.xlsx,,,,,
49,,搜瓦特文化传媒公司,sowhat,独代+集采,20%≤X＜25%,信息服务费,,"可以外采不能代下单
独家政策：只有小红书平台，小红书：20%
外采政策：不低于15%","小红书：20%
外采政策：不低于15%",,,"51,300","51,300",,,,6,1个月,/,否,/,吴诗琦,,kiki_sowhat@qq.com,,黄纯纯,商务主管,sowhattwo,,,,"机构：sowhat
机构类型：独代+集采

2025年政策：
可以外采不能代下单
独家政策：小红书抖音20%（季度合作达到40w，返点22%）
外采政策：不低于20%

返点账期：1个月
支付账期：无
开票内容：广告服务*广告发布费
发票税率：6% 
是否可配合比价：可
是否可代下单：否
年框时间：2025.8.1-2025.12.31",签框合同对方法务反映不签中介性质合同，如推进返点协议需改下；年框按照自然年先签到年底，后续沿用此次框架。@郑玉莹政策待确认,2025/8/21,,,"美妆,时尚,生活","测评,探店,coser,大学生,高学历,企业/品牌创始人,情侣,舞蹈,留学生,（前）女团成员,二次元,模特,lolita,古装/古风/国风,穿搭",√,√,,,√,√,,√,,,,「SOWHAT」搜瓦特25年1月刊例（1227）.xlsx,「SOWHAT」搜瓦特25年2月刊例（0119）.xlsx,「SOWHAT」搜瓦特25年3月刊例（0221）.xlsx,「SOWHAT」搜瓦特25年4月刊例（0326）(1).xlsx,「SOWHAT」搜瓦特25年5月618刊例（0425）.xlsx,「SOWHAT」搜瓦特25年6月刊例（0522） 1(1).xlsx,「SOWHAT」搜瓦特25年7月刊例（0625）.xlsx,「SOWHAT」搜瓦特25年8月刊例（0723）.xlsx,,,,,
50,,深圳市小雨互动有限公司,小雨互动,独代+集采,20%≤X＜25%,信息服务费,,"
政策：
全平台拉齐抖音、小红书、视频号
报备： 
0 ≤A<200：25% 
200≤A<500： 28% 
A≥500 ：30%

单点长点：
1、.全年优惠政策不拉齐，例：甲方向乙方采购的抖音等资源金额为2000万元，则返点金额为(300-0)*25%+(1000-300)*28%+(2000-1000)*30%=571万元；
2、累框金额按照乙方实收金额计算，即返点后或者折后价格累计
3、签约账号不累框不参与框架返点；

","全平台拉齐抖音、小红书、视频号
报备： 
0 ≤A<200：25% ",,,0,0,,,,6,1个月,/,是,/,刘琴,客户经理,Lucas@rainwe.com,15626550599,张宇,客户群总监,18675576228,2024/7/1,2025/6/30,-122,"机构：小雨互动
机构类型：独代+集采

2025年政策（沿用2024）：

全平台拉齐抖音、小红书、视频号
报备： 
0 ≤A<200：25% 
200≤A<500： 28% 
A≥500 ：30%
（目标要30%，不然抖音和视频号基本用不上@邓惠雅）
单点长点：（这部分对于我们来说意义不大）
1、全年优惠政策不拉齐，例：甲方向乙方采购的抖音等资源金额为2000万元，则返点金额为(300-0)*25%+(1000-300)*28%+(2000-1000)*30%=571万元；
2、累框金额按照乙方实收金额计算，即返点后或者折后价格累计
3、签约账号不累框不参与框架返点；

返点账期：1个月
支付账期：
开票内容：
第二优先级：*（其他）现代服务*信息服务费
发票税率：6% 
是否可配合比价：是
是否可代下单：是
年框时间：2025.8.1-2027.7.31",换对接人沟通政策中,2025/9/12,SIRI,,"汽车,美妆,时尚,生活,美食,剧情,漫画,财经","海归,高学历,情侣,专业化妆师/造型师,模特,穿搭,漫画,地方/行业资讯",√,√,√,√,√,√,,√,,,,小雨互动【美妆剧情漫画】1月刊例（7.0）.xlsx,小雨互动【美妆剧情漫画】2月刊例.xlsx,小雨互动【美妆剧情漫画】3月刊例（3.0）(1).xlsx,【小雨互动】【美妆剧情漫画】4月刊例（4.0）.xlsx,小雨互动【美妆剧情漫画】5月刊例（1.0）.xlsx,小雨互动【美妆剧情漫画】6月刊例（1.0）.xlsx,小雨互动【美妆剧情漫画】7月刊例（2.0）.xlsx,小雨互动【美妆剧情漫画】8月刊例（2.0）.xlsx,,,,,
51,,北京微播易科技股份有限公司,微播易,集采,20%≤X＜25%,信息服务费,,"0-500w：20%
500w以上：25%",0-500w：20%,,,"2,526,600","2,526,600",,,,6,1个月,3个月,是,/,yuki,,,wyq742766245,马筱宇,第三事业部总经理,Xiaoyu_8519,2024/7/1,2025/6/30,-122,"机构：微播易
机构类型：集采

2025年政策：
折扣下单，85折起（由于目前合作基本是微博，微博他们利润低，机构无法给到和之前一样的政策）

1、今年政策比去年还差，绝对不可以；
2、全行业都知道微博利润空间是最大的（代理价7折以下还外加达人返点，随随便便利润空间渠道百分之四五十），以微博利润低的理由无法接受@邓惠雅
返点账期：不返点，走折扣下单
支付账期：3个月
开票内容：
第二优先级：*（其他）现代服务*信息服务费
发票税率：6% 
是否可配合比价：可
是否可代下单：是
年框时间：2025.8.1-2027.7.31",不建议签框，对方无法提高政策,2025/9/12,viya,,,,√,√,√,√,√,√,√,√,,,,,,,无,/,/,/,/,,,,,
52,,广州快鱼传媒有限公司,快鱼传媒,独代,25%≤X＜30%,信息服务费,,"
政策
全平台（抖音、小红书、快手、视频号拉齐）返点25，
短剧出了新政策：3-5集返点30% 6-75集返点35% 8集+的返点40%","政策
全平台（抖音、小红书、快手、视频号拉齐）返点25，
短剧出了新政策：3-5集返点30% 6-75集返点35% 8集+的返点40%",,,0,0,,,,6,1个月,/,否,/,邹慧华,,13555686942m@sina.cn,,邱少康,商务总监,13250640678,,,,"机构：快鱼传媒
机构类型：独代

2025年政策（由于此前无单量，政策与去年保持一致）：
全平台（抖音、小红书、快手、视频号拉齐）返点25，（沟通拉齐到30%@邓惠雅）
短剧出了新政策：3-5集返点30% 6-75集返点35% 8集+的返点40%
返点账期：1个月
支付账期：无
开票内容：*（其他）现代服务*信息服务费
发票税率：6% 
是否可配合比价：可
是否可代下单：否
年框时间：2025.8.1-2027.7.31",换siri沟通,2025/8/21,SIRI,,"生活,剧情",短剧,√,√,,,,,,√,,,可做短剧,,,快鱼传媒【剧情】3月.xlsx,【快鱼传媒】【剧情】4月.xlsx,快鱼传媒【 剧情&定制短剧&专场直播 】5月刊例 - 副本.xlsx,快鱼传媒【 剧情&定制短剧&专场直播 】5月刊例 - 副本.xlsx,快鱼传媒【剧情】7月.xlsx,广州快鱼【 剧情&定制短剧 】8月刊例(3).xlsx,,,,,
53,,北京二咖传媒文化有限责任公司,二咖传媒,独代,20%≤X＜25%,信息服务费,,"机构：二咖传媒
机构类型：综合型
独家政策：小红书和抖音拉齐20%
可以外采（但是要根据具体项目聊）不能代下单","机构：二咖传媒
机构类型：综合型
独家政策：小红书和抖音拉齐20%
可以外采（但是要根据具体项目聊）不能代下单","全平台机构自营/独家签约账号拉齐政策：
抖音&快手-裸价25%
小红书-裸价20%","抖音&快手-裸价25%
小红书-裸价20%","288,000","288,000",,,,6,1个月,/,否,/,李冬雪,商务总监,luozijing@erka-bj.com,MiMi-Li02,李冬雪,商务总监,MiMi-Li02,,,,合同已寄出，待归档,,2025/9/26,鑫豪,,"母婴,美妆,时尚,生活,美食,数码,剧情","测评,探店,海归,高学历,电视台/电台主持人,演员,情侣,演员表演,专业化妆师/造型师,留学生,（前）女团成员,文化差异,海外,模特,穿搭,运动员",,,,,,,,,,,,二咖传媒-2025年1月刊例（第一版）.xlsx,二咖传媒-2025年2月刊例（第一版）.xlsx,二咖传媒-2025年3月刊例（第一版）.xlsx,【二咖传媒】-2025年4月刊例（第一版）.xlsx,二咖传媒-2025年5月刊例（第二版）.xlsx,二咖传媒-2025年6月刊例（第一版）.xlsx,二咖传媒-2025年7月刊例(第二版).xlsx,二咖传媒-2025年8月刊例（第一版）.xlsx,,,,,
54,,上海超会元文化有限公司,超会文化,独代,20%≤X＜25%,现代服务*信息服务费,,政策：抖音25%、 小红书和b站：20 ,政策：抖音25%、 小红书和b站：20 ,,,,不需要累量,,,,6,1个月,/,否,/,阿甘,商务,247884523@qq.com,15674794336,张琪,商务总监,Kyrie_788,,,,"机构：超会文化mcn
机构类型：独家账号运营，纯mcn
政策：30%（个别25%，合同内可附上名单）
支付账期：1个月
返点账期：1个月
开票内容：现代服务*信息服务费
发票税率：6% 
是否可配合比价：可
是否可代下单：否
年框起始时间：2025/8/11-2026/8/11
@林诗茹可推进签署",合同对接中,2025/9/3,SIRI,,"汽车,时尚,生活,美食,旅行,二次元,剧情,游戏","外国人,电视台/电台主持人,演员,舞蹈,电竞,二次元,科普,歌手/音乐,台球,虚拟主播,游戏解说",√,√,,√,√,√,,√,√,,,,,【超会文化】2025年3月独家刊例.xlsx,【超会文化】2025年4月独家刊例.xlsx,【超会文化】2025年5月独家刊例.xlsx,小溪传媒-2025年6月抖音-小红书母婴家居..xlsx,【超会文化】2025年7月独家刊例.xlsx,【超会文化】2025年8月独家刊例.xlsx,,,,,
55,,星榜互娱（成都）文化传媒有限公司,星榜互娱,独代,20%≤X＜25%,现代服务*信息服务费,,"机构：星榜互娱
机构类型：综合型
独家政策：抖音小红书拉齐25%
返点账期：1个月
不外采不代下单
政策可以到30%吗？","独家政策：抖音小红书拉齐25%
返点账期：1个月
不外采不代下单
政策可以到30%吗？",,,"15,000","15,000",,,,6,1个月,/,否,/,陈佳红,,chenjiahong@starrank.cn,,何金孟,商务总监,hjm0210123,,,,"机构：星榜互娱
机构类型：综合型（可外采，不代下单）
政策：抖音小红书25%（按30%沟通@邓惠雅）
支付账期：1个月
返点账期：1个月
开票内容：*（其他）现代服务*信息服务费
发票税率：6% 
是否可配合比价：可
是否可代下单：否
年框起始时间：2025.8.1-2027.6.31
该机构无累量政策，由于是签约公司不属于自孵化利润相对较低，统一年框是25%年框时间：2025.8.1-2027.7.31
抖音要30%，小红书可接受25%@林诗茹",换siri沟通,2025/9/26,SIRI,,"汽车,美妆,时尚,生活,美食,家居,数码,二次元,剧情","探店,coser,大学生,演员,舞蹈,（前）女团成员,模特,穿搭,变装,运动健身,高中生",√,√,,,,,,,,,,,,星榜互娱达人刊例.xlsx,【星榜互娱】达人刊例（外刊）.xlsx,5月星榜互娱达人刊例.xlsx,6月星榜互娱达人刊例.xlsx,星榜互娱7月独家达人刊例更新.xlsx,8月星榜互娱达人刊例（外刊）.xlsx,,,,,
56,,上海一簇传媒有限公司,发光星球,独代,20%≤X＜25%,现代服务*信息服务费,,"机构：发光星球
只做小红书（可外采不可代下单）
机构类型：家居家电垂类、母婴垂类
独家政策：
小红书不低于20%

外采政策返点区间：15-20%（可根据项目聊）","独家政策：
小红书不低于20%

外采政策返点区间：15-20%（可根据项目聊）","机构：发光星球
只做小红书（可外采不可代下单）
机构类型：家居家电垂类、母婴垂类
独家政策：
小红书不低于20%

外采政策返点区间：15-20%（可根据项目聊）","独家政策：
小红书不低于20%

外采政策返点区间：15-20%（可根据项目聊）","197,680",0,,,,6,1个月,/,否,/,楚然,,zhouchuran@yicumedia.com,,李一南,渠道商务总监,19925191720,2024/11/1,2025/10/31,1,已归档,,,SIRI,一簇.pdf,"母婴,时尚,生活,亲子,家居,萌宠","测评,探店,演员,情侣,手工手作,穿搭,歌手/音乐,沉浸式",,√,,,,,,,,,,发光星球-【一簇传媒2025】1月刊例（0123）.xlsx,发光星球-【一簇传媒2025】2月刊例（0221）.xlsx,发光星球-【一簇传媒2025】3月刊例（0303）.xlsx,【发光星球】【一簇传媒2025】4月刊例（0401）.xlsx,【一簇传媒2025】5月刊例（0523）.xlsx,【一簇传媒2025】6月刊例（0603）.xlsx,【一簇传媒2025】7月刊例（0701）.xlsx,【一簇传媒2025&发光星球】8月刊例（0801）.xlsx,,,,,
57,,曦禾互动科技（北京）有限公司,上海美趣文化传媒有限公司、曦禾互动科技（北京）有限责任公司、上海一颗丸子文化传媒有限公司,独代+集采,20%≤X＜25%,现代服务*信息服务费,,"机构：曦禾互动
独家政策：抖音：25%，小红书：不低于20%
外采政策：小红书和抖音不低于20%
可外采不代下单
返点账期：1个月
合同期限：2024.07-2025.07",独家政策：抖音：25%，小红书：不低于20%外采政策：小红书和抖音不低于20%可外采不代下单返点账期：1个月,,,"153,800","153,800",,,,6,1个月,1个月,是,/,王浩均,总经理,wanghaoyun@lightre.cn,15810675295,王浩均,总经理,15810675295,2024/8/1,2025/7/31,-91,"机构：曦禾互动
机构类型：独代+集采

2025年政策：
政策：抖音小红书25%
（按30%沟通@邓惠雅）
可外采不代下单

返点账期：3个月
支付账期：无
开票内容：*（其他）现代服务*信息服务费
发票税率：6% 
是否可配合比价：是
是否可代下单：否
年框时间：2025.8.1-2027.7.31",换siri沟通,2025/9/3,SIRI,,"母婴,美妆,时尚,生活,美食,亲子,家居,数码,萌宠","测评,探店,大学生,外国人,电视台/电台主持人,情侣,舞蹈,插画师,设计师,二次元,海外,摄影师,混血萌娃,手工手作,古装/古风/国风,穿搭,AI,运动健身,地方/行业资讯,沉浸式,烘焙师,调酒师",,√,,,,,,,,,,曦禾互动25年1月小红书刊例📌.xlsx,曦禾互动25年2月小红书刊例📌.xlsx,曦禾互动25年3月小红书刊例📌.xlsx,【曦禾互动】25年4月小红书刊例📌.xlsx,曦禾互动 5月小红书刊例全刊📌.xlsx,暂无,【ACE】25年7月小红书刊例📌 .xlsx,【ACE】25年8月小红书刊例📌 .xlsx,,,,,
58,,天津创易无限文化传播有限公司 ,创易无限,独代,X≥30%,现代服务*信息服务费,,"机构：创易无限
机构类型：综合型
政策：
0-100w：30%
100-200w：33

签约达人：单独询价，享受大盘累计返点政策      
返点账期：1个月
返点政策有效时间：2024年7月1日-2024年12月31日止","政策：
0-100w：30%
100-200w：33

签约达人：单独询价，享受大盘累计返点政策      
返点账期：1个月",,,0,0,,,,6,1个月,/,否,/,蔡卓颐,华南负责人,cairunru3@yiche.com,13632398383, 李威 ,易车副总裁,186 0058 6643,,,,"25年框架沟通中，待对方反馈拼框结果
@林诗茹海南易车、上海易车、创意无限，是否所有主体能够邮件确认一个政策反馈",政策沟通中,2025/1/3,SIRI,,汽车,"科普,地方/行业资讯",√,,√,√,,,,√,,,,创易无限-2025年1月创易无限机构刊例.xlsx,创易无限-2025年2月创易无限机构刊例.xlsx,创易无限-2025年3月创易无限机构刊例.xlsx,【创易无限】2025年4月创易无限机构刊例.xlsx,2025年5月创易无限机构刊例0429.xlsx,2025年6月创易无限机构刊例0529.xlsx,2025年7月创易无限机构刊例0630.xlsx,2025年8月创易无限机构刊例0730.xlsx,,,,,
59,,江西小溪文化传媒有限公司,小溪文化,集采,25%≤X＜30%,现代服务*信息服务费,,"机构类型：综合型
政策：
1、自营孵化的抖音、视频号、小红书达人合作返点25%起，一年采买量达到200万起的话可以给到30%。
2、野生账号或集采账号返点不低于20%，一年合作金额超过100万的话，可以多给返点2%，超过200万的话返点3个点。","机构类型：综合型
政策：
1、自营孵化的抖音、视频号、小红书达人合作返点25%起，一年采买量达到200万起的话可以给到30%。
2、野生账号或集采账号返点不低于20%，一年合作金额超过100万的话，可以多给返点2%，超过200万的话返点3个点。",,,"791,280","791,280",,,,6,1个月,1个月,是,/,吴文,营销副总,wuwen@xxcm.work,15979535995,熊循徳,总经理,15070881621,2024/9/1,2025/8/31,-60,已归档,,,SIRI,小溪文化.pdf,"汽车,母婴,美妆,时尚,生活,美食,亲子,家居,数码,萌宠,旅行,二次元,剧情,影视娱乐,三农,游戏","测评,探店,海归,高学历,企业/品牌创始人,媒体主编/创始人,舞蹈,作家,节目嘉宾,医生,留学生,营养师,二次元,海外,摄影师,穿搭,运动员,歌手/音乐,运动健身,沉浸式,心理咨询师",√,√,,√,,,,,,,,,小溪优质野生kol部分资源库（吴文15979535995）(2月份刊例).xls,小溪传媒kol部分资源库（吴文15979535995）(3月份刊例)(1).xls,【小溪】传媒kol部分资源库(4月份刊例).xls,小溪-2025年5月抖音-小红书母婴家居..xlsx,小溪传媒-2025年6月抖音-小红书母婴家居..xlsx,小溪传媒kol部分资源库(7月份刊例).xls,亿购-8月抖音-小红书-视频号-Tiktok（母婴-家居）.xlsx,,,,,
60,,江西沐青文化传媒有限公司,麦麦文化,集采,20%≤X＜25%,现代服务*信息服务费,,"机构：麦麦文化
机构类型：集采型（可外采可代下单）


外采政策：
1：0-150w，返点不低于20%
2:超过150w部分：150w-350w：返点不低于23%
3-超过350w部分：350-700w：返不低于25%

代下单帐期：三个月
签约时间：12个月","机构：麦麦文化
机构类型：集采型（可外采可代下单）


外采政策：
1：0-150w，返点不低于20%
2:超过150w部分：150w-350w：返点不低于23%
3-超过350w部分：350-700w：返不低于25%

代下单帐期：三个月
签约时间：12个月",,,"638,900","638,900",,,,6,1个月,3个月,是,/,杨万荣,商务主管,1500800750@qq.com,"电话:18317901759
微信号:ywr1205clj0531",李文旺,商务经理,Wen-Ricardo,2024/9/1,2025/8/31,-60,已归档,,,SIRI,盖章版【沐青文化】2024年社会化媒体年度代理协议书.pdf ,"汽车,母婴,美妆,时尚,生活,美食,家居,数码,萌宠,旅行,二次元,财经,新闻资讯,游戏",,√,√,,√,,,,,,,,,麦麦文化-2月刊例.xlsx,沐青文化2025年3月刊例.xlsx,【小溪】传媒kol部分资源库(4月份刊例).xls,麦麦文化刊例【巳巳如意】.xlsx,暂无,沐青2025年7月刊例(1).xlsx,沐青文化2025年8月刊例(1).xlsx,,,,,
61,,长沙浪里个浪文化传媒有限公司,拾贝者,独代,X≥30%,现代服务*信息服务费,,"机构类型：综合型
政策：全平台拉齐30%（抖音、小红书、微博、公众号）
不能代下单不能外采
返点账期：1个月
开票内容：广告发布费
发票税率：含税6%
是否可配合比价：否","机构类型：综合型
政策：全平台拉齐30%（抖音、小红书、微博、公众号）
不能代下单不能外采
返点账期：1个月
开票内容：广告发布费
发票税率：含税6%
是否可配合比价：否",,,"1,200,000",0,,,,6,1个月,/,否,/,李鑫,商务,1002402810@qq.com,18501914188,饭饭,商务总监,fanfan778,2024/9/1,2025/8/31,-60,已归档,,,SIRI,浪里个浪.pdf,"汽车,美妆,时尚,生活,数码","测评,高学历,电视台/电台主持人,企业/品牌创始人,情侣,专业化妆师/造型师,医生,留学生,（前）女团成员,（前）空姐,音乐剧演员,海外,模特,选美冠军,穿搭,运动员,运动健身",√,√,√,,,,,,,,,"拾贝者-2025年1月长沙拾贝者自孵化刊例(美妆护肤母婴成分汽车)(1).xlsx
拾贝者-泽旭传媒2025年1月刊例.xlsx","拾贝者-2025年2月长沙拾贝者自孵化刊例(美妆护肤母婴成分汽车)（最新）.xlsx
拾贝者-泽旭传媒2025年2月刊例.xlsx",2025年3月拾贝者&泽旭&青鸽独家自孵化刊例.xlsx,【小溪】传媒kol部分资源库(4月份刊例).xls,2025年5月长沙拾贝者&泽旭自孵化刊例.xlsx,"2025年6月长沙拾贝者自孵化刊例.xlsx
2025年6月泽旭自孵化刊例.xlsx",2025年7月拾贝者自孵化刊例.xlsx,2025年8月拾贝者自孵化刊例.xlsx,,,,,
62,,海南明舟信息技术有限公司,易车,独代,25%＜X≤30%,现代服务*信息服务费,,"合同时间：24年9月-24年12月
MCN视频号框架梯度：
0 < T≤500，返点为25%
500 < T≤1000，返点为27%，
1000＜T，返点30%
支付账期：内容发布后30天
返点账期：季结
外采资源可以一起累框",,,,0,0,,,,6,1个月,/,否,/,梁文柱,,liangwz@yiche.com,,梁 璐,总经理,18532867622,,,,北京易车主体,政策沟通中,2025/1/2,SIRI,,汽车,,√,√,,,,,,,,,,,,易车-【可独立售卖】-公关账号售卖列表-更新3.14.xlsx,【易车】MCN商业达人库.xlsx,,易车MCN商业达人-渠道表6月V2.xlsx,7.5,易车MCN商业达人-渠道表8月.xlsx,,,,,
63,,深圳市青年力量传播有限公司,青年力量,独代+集采,25%≤X＜30%,现代服务*信息服务费,,"独家政策抖音不低于25%
外采政策：不低于20%
可以外采可以代下单
代下单账期：3个月
返点账期：1个月","独家政策抖音不低于25%
外采政策：不低于20%
可以外采可以代下单
代下单账期：3个月
返点账期：1个月",,,"12,440,000","3,120,000",,,,6,1个月,3个月,是,/,袁东昇,商务组长,915128124@qq.com,YP-TEVE,袁东昇,商务组长,YP-TEVE,,,,梁云涛一直约见面,沟通暂缓,2025/5/20,SIRI,,"母婴,美妆,时尚,家居,数码,萌宠,三农","测评,探店,外国人,演员,情侣,插画师,二次元,海外,方言,科普,手工手作,一人多角,穿搭,漫画,滑板,运动健身,配音,asmr,调酒师,非遗文化",√,√,,,,,,,,,,,,青年力量（奥特家族）刊例v5.3.1.xlsx,【青年力量】（奥特家族）刊例v5.4.1.xlsx,青年力量（奥特家族）刊例v5.5.1.xlsx,青年力量（奥特家族）刊例v5.6.1.xlsx,青年力量（奥特家族）刊例v5.7.1.xlsx,【青力】奥特家族-刊例 +野达-8月.xlsx,,,,,
64,,北京星赢文化传媒有限公司,星赢文化,独代,20%≤X＜25%,现代服务*信息服务费,,"【抖音、小红书、头条号】
-张昕宇梁红、大飙车：基础返点 20%，ip 项目可定制政策
-其他刊例账号：30%
【视频号】：刊例账号不低于25%
【懂车帝】：刊例账号不低于20%
外采资源（全平台）：返点不低于 20%，视具体账号确认具体政策
3、账期：
支付账期：平台预充值下单
返点账期：1个月","【抖音、小红书、头条号】
-张昕宇梁红、大飙车：基础返点 20%，ip 项目可定制政策
-其他刊例账号：30%
【视频号】：刊例账号不低于25%
【懂车帝】：刊例账号不低于20%
外采资源（全平台）：返点不低于 20%，视具体账号确认具体政策
3、账期：
支付账期：平台预充值下单
返点账期：1个月","【抖音、小红书、头条号】
-张昕宇梁红、大飙车：基础返点 20%，ip 项目可定制政策
-其他刊例账号：30%
【视频号】：刊例账号不低于25%
【懂车帝】：刊例账号不低于20%
外采资源（全平台）：返点不低于 20%，视具体账号确认具体政策
3、账期：
支付账期：平台预充值下单
返点账期：1个月","【抖音、小红书、头条号】
-张昕宇梁红、大飙车：基础返点 20%，ip 项目可定制政策
-其他刊例账号：30%
【视频号】：刊例账号不低于25%
【懂车帝】：刊例账号不低于20%
外采资源（全平台）：返点不低于 20%，视具体账号确认具体政策
3、账期：
支付账期：平台预充值下单
返点账期：1个月",0,0,,,,6,1个月,/,否,/,梁 璐,总经理,lianglu@bjstarwin.com,18532867622,梁 璐,总经理,18532867622,2024/11/1,2025/10/30,0,已归档,,,鑫豪,2025年+北京星赢文化传媒有限公司年度框架协议双盖版.pdf ,汽车,"测评,电视台/电台主持人,作家",√,,,√,,√,,,√,今日头条,,,,星赢MCN-3月刊例-0301.xlsx,【小溪】传媒kol部分资源库(4月份刊例).xls,星赢MCN-5月刊例0529.xlsx,星赢MCN-6月刊例0603.xlsx,星赢MCN-7月刊例0702xlsx.xlsx,星赢MCN-8月刊例0804.xlsx,,,,,
65,,上海楼满花传媒科技有限公司,fafahouse,独代+集采,20%≤X＜25%,现代服务*信息服务费,,"机构：fafa house
独家政策：抖音25 
小红书汽车类25 非汽车类20
外采政策：不低于15%
支付账期：1个月
返点账期：1个月","机构：fafa house
独家政策：抖音25 
小红书汽车类25 非汽车类20
外采政策：不低于15%
支付账期：1个月
返点账期：1个月",抖音25%小红书25%,抖音25%小红书25%,0,0,,,,6,1个月,1个月,是,/, 白慕清,,ruby@fafahouse.com,,ruby,商务主管,jinjin97050121,2025/1/1,2025/12/31,62,已归档,,2025/9/26,鑫豪,【供应商-年框合同审批-数字】上海楼满花传媒科技有限公司+年框供应商+2025年8月+2025年社会化媒体年度代理协议书-一式四份-批注版.pdf ,"美妆,时尚,家居","海归,高学历,企业/品牌创始人,演员,情侣,专业化妆师/造型师,留学生,（前）女团成员,恋综嘉宾,模特,穿搭,歌手/音乐,教师,混血",√,√,,,,,,,,,,FAFA HOUSE 2025-1月刊例 1.10.xlsx,FAFA HOUSE 2025-2月刊例 1.22.xlsx,FAFA HOUSE 2025-3月刊例 2.28.xlsx,【FAFA HOUSE】 2025-4月刊例3.28.xlsx,FAFA HOUSE 2025-5月刊例5.13.xlsx,FAFA HOUSE 2025-6月刊例5.28.xlsx,FAFA HOUSE 2025-7月刊例6.27(1).xlsx,FAFA HOUSE 2025-8月刊例7.28.xlsx,,FAFA HOUSE 2025-10月刊例10.9.xlsx,,,
66,,烟台方片八新媒体公司,方片新媒体,独代+集采,20%≤X＜25%,现代服务*信息服务费,,"0-120w，自营账号不低于20% 签约15% 
120W以上：自营账号不低于20%签约20%",0-120w，自营账号不低于20% 签约15% ,"0＜R≤60万
20%
60＜R≤90万
22%
R＞90万
23%",0＜R≤60万20%,"358,191",0,,,,6,1个月,/,否,/,徐沐远,VP,fangpianMUYUAN@163.com,apple020616,徐沐远,VP,apple020616,2025/1/1,2025/12/31,62,已归档,,,SIRI,方片25年框.pdf,"母婴,美妆,时尚,生活,家居,萌宠,旅行,二次元,漫画,游戏","探店,情侣,插画师,二次元,摄影师,手工手作,古装/古风/国风,穿搭,学习,露营",,√,,,,,,,,,,【方片新媒体】1月刊例 .xlsx,【方片新媒体】2.19总刊例.xlsx,【方片新媒体】3.3总刊例.xlsx,【小溪】传媒kol部分资源库(4月份刊例).xls,【总】方片新媒体当月刊例5.29.xlsx,【总】方片新媒体当月刊例6.3.xlsx,【方片新媒体】7月刊例(1).xlsx,方片新媒体刊例【总】8.4.xlsx,,,,,
67,,南京西西里文化传媒有限公司,西西里,独代,X≥30%,广告服务*广告发布费 ,,"机构名称：西西里
机构资源类型：综合型
政策：独家资源（不能外采）
抖音、快手拉齐30%，小红书25%
微信（走互选平台）：头条：刊例价5折，次条4折
返点账期： 次月结（蓝票6%，信息服务） 
开票内容：广告服务*广告发布费","机构名称：西西里
机构资源类型：综合型
政策：独家资源（不能外采）
抖音、快手拉齐30%，小红书25%
微信（走互选平台）：头条：刊例价5折，次条4折
返点账期： 次月结（蓝票6%，信息服务） 
开票内容：广告服务*广告发布费",全平台机构自营/独家签约账号拉齐政策：30%，包含抖音，小红书，快手，公众号平台,全平台机构自营/独家签约账号拉齐政策：30%，包含抖音，小红书，快手，公众号平台,"470,000",0,,,,6,1个月,1个月,否,/,符浩,商务经理 ,fuhao@xicily.com,17761703043,贲银银,商务主管,xicily277,2025/1/1,2025/12/31,62,已归档,,2025/8/21,鑫豪,双盖版【供应商-年框合同审批-数字】南京西西里文化传媒有限公司+年框供应商+2025年6月+2025年社会化媒体年度代理协议书-一式四份-批注版.pdf ,"美妆,时尚,家居","测评,演员,节目嘉宾,专业化妆师/造型师,设计师,高级皮肤管理师,（前）空姐,模特,地方/行业资讯",√,√,√,,,,,√,,,,西西里传媒2025年2月刊例0208版.xlsx,西西里传媒2025年2月刊例0208版.xlsx,西西里传媒2025年3月刊例「科技数码+家居+汽车+美妆」.xlsx,【西西里】传媒2025年4月刊例美妆+科技数码+家居vlog+汽车.xlsx,西西里传媒2025年5月刊例0516版.xlsx,2_西西里传媒2025年6月刊例0527版.xlsx,西西里传媒2025年7月刊例0625版（压缩版）.xlsx,西西里传媒「数码+美妆+汽车+生活」.xlsx,,,,,
68,,长沙松柏之志传媒有限公司,西瓜美妆,独代,25%≤X＜30%,广告服务*广告发布费 ,,0-100w：抖音、小红书27%100w以上：小红书和抖音拉齐30%,"0-100w：抖音、小红书27%
100w以上：小红书和抖音拉齐30%",,,0,0,,,,6,1个月,2个月,否,/,翁锦鸿,,1095488128@qq.com,,罗津,商务总监,Supernren,,,,小红书和抖音拉齐30%,入库跟进中,2025/9/12,SIRI,,"美妆,时尚,家居","测评,大学生,电视台/电台主持人,演员,情侣,专业化妆师/造型师,留学生,营养师,高级皮肤管理师,（前）空姐,音乐剧演员,海外,舞蹈老师,模特",√,√,,,,,,,,,,西瓜-1月【西瓜创想&新知觉】2025年刊例 金金.xlsx,西瓜-金金【西瓜创想&新知觉】2025年2月刊例.xlsx,3月刊例【西瓜创想&新知觉】金金.xlsx,【西瓜创想&新知觉】2025年4月份刊例.xlsx,【西瓜创想&新知觉】2025年5月刊例 金金.xlsx,【西瓜创想&新知觉】2025年6月刊例  金金.xlsx,【西瓜创想&新知觉】2025年7月刊例 金金.xlsx,【西瓜创想&新知觉】2025年8月刊例商务福泽vx：hav375.xlsx,,,,,
70,,深圳市快美妆科技有限公司,快美妆,独代,25%≤X＜30%,广告服务*广告发布费 ,,"合作时间：2024年11月1日-2025年12月31日
2、合作政策：
【针对快美独家签约资源-抖音、小红书、B站、视频号等】
汽车客户，返点30%
美妆类、美容仪类客户，返点20%
其余类型客户，返点25%
（以上可根据项目另外沟通返点比例）
3、账期：
支付账期：平台预充值（针对有需要的项目可单独沟通提供账期）
返点账期：1个月
4、资源类型：美妆、家居生活、时尚穿搭、汽车
5、暂不支持外采与代下单","合作时间：2024年11月1日-2025年12月31日
2、合作政策：
【针对快美独家签约资源-抖音、小红书、B站、视频号等】
汽车客户，返点30%
美妆类、美容仪类客户，返点20%
其余类型客户，返点25%
（以上可根据项目另外沟通返点比例）
3、账期：
支付账期：平台预充值（针对有需要的项目可单独沟通提供账期）
返点账期：1个月
4、资源类型：美妆、家居生活、时尚穿搭、汽车
5、暂不支持外采与代下单","合作时间：2024年11月1日-2025年12月31日
2、合作政策：
【针对快美独家签约资源-抖音、小红书、B站、视频号等】
汽车客户，返点30%
美妆类、美容仪类客户，返点20%
其余类型客户，返点25%
（以上可根据项目另外沟通返点比例）
3、账期：
支付账期：平台预充值（针对有需要的项目可单独沟通提供账期）
返点账期：1个月
4、资源类型：美妆、家居生活、时尚穿搭、汽车
5、暂不支持外采与代下单","合作时间：2024年11月1日-2025年12月31日
2、合作政策：
【针对快美独家签约资源-抖音、小红书、B站、视频号等】
汽车客户，返点30%
美妆类、美容仪类客户，返点20%
其余类型客户，返点25%
（以上可根据项目另外沟通返点比例）
3、账期：
支付账期：平台预充值（针对有需要的项目可单独沟通提供账期）
返点账期：1个月
4、资源类型：美妆、家居生活、时尚穿搭、汽车
5、暂不支持外采与代下单",0,0,,,,6,1个月,/,否,/,罗宏,销售经理,luohong@kuaimeizhuang.com,"电话：18503086942
微信：LH03305617",罗宏,销售经理,"电话：18503086942
微信：LH03305617",2024/11/1,2025/12/31,62,已归档,,,鑫豪,2025年+深圳快美妆&海南快美年度框架协议双盖版.pdf ,"美妆,时尚,家居","企业/品牌创始人,演员,专业化妆师/造型师,模特,穿搭,歌手/音乐,运动健身",√,√,,√,√,√,,√,,,,【VIP客户版】快美独家红人刊例（2025.01）.xlsx,【VIP客户版】快美独家红人刊例（2025.02）.xlsx,【VIP客户版】快美独家红人刊例（2025.03）.xlsx,【小溪】传媒kol部分资源库(4月份刊例).xls,【VIP客户版】快美独家红人刊例（2025.05）.xlsx,【VIP客户版】快美独家红人刊例（2025.06）.xlsx,【VIP客户版】快美独家红人刊例（2025.07）.xlsx,【VIP客户版】快美独家红人刊例（2025.08）.xlsx,,,,,
71,,江西波动智媒网络科技有限公司,波动智媒,独代+集采,25%≤X＜30%,广告服务*广告发布费 ,,"独家政策：
R＜150W：27%
R≥150W：30%
 R≥300w：35%

外采：抖音+小红书拉齐，不低于20%","独家政策：
R＜150W：27%

外采：抖音+小红书拉齐，不低于20%","独家政策：
R＜150W：27%

外采：抖音+小红书拉齐，不低于20%","独家政策：
R＜150W：27%

外采：抖音+小红书拉齐，不低于20%","291,400",0,,,,6,1个月,/,否,/,罗俊,商务,932127332@qq.com,13133824582,魏斌,总经理,binwiin,2025/1/1,2025/12/31,62,已归档,,,鑫豪,双盖版【供应商-年框合同审批-数字】江西波动智媒网络科技有限公司+年框供应商+2025年6月+2025年社会化媒体年度代理协议书-一式四份-批注版.pdf ,"美妆,时尚,家居,数码,旅行","海归,高学历,育儿师,插画师,设计师,留学生,营养师",√,,,,,,,,,,,波动智媒-1月抖音小红书自营刊例V.13133824582.xlsx,波动智媒-2月抖音小红书自营刊例V.13133824582.xlsx,"【深圳遐想一二】独家娱乐号刊例-Q1波动智媒.xlsx
波动智媒-3月抖音小红书自营刊例V.13133824582.xlsx","【波动智媒】【深圳遐想一二】自孵化娱乐号刊例-Q2.xlsx
【波动智媒】-4月抖音小红书视频号自营刊例.xlsx",波动智媒-5月抖音小红书视频号自营刊例.xlsx,波动智媒-6月抖音小红书视频号自营刊例.xlsx,【波动智媒7月独家刊例】家居、vlog、母婴、数码、美食-商务stanny.xlsx,波动智媒-8月抖音小红书视频号自营刊例.xlsx,,,,,
72,,广州市雅俗共赏文化传媒有限公司/广州似火文化传播有限公司,雅俗共赏,独代,X≥30%,广告服务*广告发布费 ,,"机构：雅俗共赏
独家政策：
小红书和抖音拉齐25%
不能外采不可以代下单

返点账期：3个月","独家政策：
小红书和抖音拉齐25%
不能外采不可以代下单
返点账期：3个月",全平台机构自营/独家签约账号（包含：抖音、小红书、视频号）拉齐政策：25%,全平台机构自营/独家签约账号（包含：抖音、小红书、视频号）拉齐政策：25%,0,0,,,,6,1个月,/,否,/,刘罗军,商务负责人,liuluojun2018@163.com,13261035513,刘罗军,商务负责人,13261035513,2025/6/24,2026/6/23,236,已归档,,,鑫豪,双盖版【供应商-年框合同审批-数字】广州似火文化传播有限公司+年框供应商+2025年6月+2025年社会化媒体年度代理协议书-一式四份-批注版.pdf ,"美妆,时尚,生活","测评,情侣",√,√,,,,,,,,,,雅俗共赏似火文化刊例 -1月.xlsx,雅俗共赏似火文化刊例 -2月.xlsx,雅俗共赏3月【似火文化】达人刊例.xlsx,未回复,似火文化刊例-5月份.xlsx,似火文化 6月刊例.xlsx,似火文化 7月份刊例.xlsx,似火文化 8月刊例.xlsx,,,,,
73,,青岛杠上开花科技有限公司,杠上开花,独代,25%≤X＜30%,广告服务*广告发布费 ,,"独家政策：
全平台拉通28%
返点账期：3个月
不可外采不可代下单","独家政策：
全平台拉通28%
返点账期：3个月
不可外采不可代下单",,,"870,000",0,,,,6,1个月,/,否,/,宋慧君,商务负责人,gskh@gskh.email,GSKH008,宋慧君,商务负责人,GSKH008,2025/1/1,2025/12/31,62,"25年政策：汽车客户返点35%，常规客户30%
@林诗茹返点账期月结可签框",推进续约-签署补充协议中-siri拟,2025/7/2,SIRI,省广X杠上开花25年年度协议.pdf,"汽车,美妆,时尚,生活,美食","演员,作家,育儿师",√,√,,√,,√,,√,,,,【杠上开花MCN】2025年1月份刊例.xlsx,【杠上开花MCN】2025年2月份刊例.xlsx,【杠上开花MCN】2025年3月份刊例.xlsx,【小溪】传媒kol部分资源库(4月份刊例).xls,【杠上开花】2025年5月份刊例.xlsx,【杠上开花】2025年6月份刊例.xlsx,【杠上开花】2025年7月份刊例(1).xlsx,【杠上开花】2025年8月份刊例.xlsx,,,,,
74,,青岛十三幺网络科技有限公司,十三幺,独代+集采,25%≤X＜30%,广告服务*广告发布费 ,,"全平台资源拉齐（含独家和外采资源）：
0-300W：返点26%
300W以上：返点28%
是否可以代下单：是
支付账期：1个月
返点账期：1个月","全平台资源拉齐（含独家和外采资源）：
0-300W：返点26%",,,0,0,,,,6,1个月,1个月,是,/,翟羽佳,商务经理,13yao@ssy.vin,Tau-30YJ,翟羽佳,商务经理,Tau-30YJ,,,,"小红书、抖音双平台返点25%，汽车项目30%
返点账期1个月，无支付账期
比去年政策还差，签不了，按30%沟通@林诗茹",政策沟通中,2025/9/3,SIRI,,"汽车,美妆,生活,美食","演员,作家,育儿师",√,√,,√,,√,,√,,,,【十三幺】2025年1月刊例 -1.17(1).xlsx,【十三幺】2025年2月刊例 - 2.25(1).xlsx,【十三幺】2025年3月刊例 - 3.11(3).xlsx,【十三幺】2025年4月刊例 - 4.1(1)(20).xlsx,【十三幺】2025年5月刊例 - 5.30.xlsx,【十三幺】2025年 6 月刊例 -6.3xlsx(6).xlsx,【十三幺】2025年7月刊例 - 7.1(3)(16)(1).xlsx,【十三幺】2025年8月刊例 - 8.4(1).xlsx,,,,,
75,,江西信和天盛文化传播有限公司 ,信和天盛,集采,20%≤X＜25%,广告服务*广告发布费 ,,全平台拉通，返点不低于20%,全平台拉通，返点不低于20%,全平台拉通，返点不低于20%,全平台拉通，返点不低于20%,"9,220,000",0,,,,6,1个月,3个月,是,/,文崇武,客户总监,wencongwu@xinhetiansheng.com ,Wen_c78,文崇武,客户总监,Wen_c78,2025/1/1,2025/12/31,62,已归档,,,SIRI,2025年社会化媒体年度代理协议书-信和天盛.pdf,"汽车,母婴,美妆,时尚,美食,医生,亲子,家居,数码,萌宠,旅行,剧情,漫画","测评,探店,男博,大学生,高学历,电视台/电台主持人,高管,企业/品牌创始人,专业赛车手,媒体主编/创始人,情侣,专业化妆师/造型师,模特,穿搭,歌手/音乐,运动健身",√,√,√,√,√,√,√,,,,,,,【信和天盛】2025年KOL资源总表-袁德强-13694869801.xlsx,【小溪】传媒kol部分资源库(4月份刊例).xls,【信和天盛】2025年KOL资源总表-袁德强-13694869801.xlsx,【信和天盛】2025年KOL资源总表-袁德强-13694869801.xlsx,信和天盛-小红书-抖音部分优质账号.xlsx,信和天盛-小红书和抖音优势资源汇总.xlsx,,,,,
76,,广州神狼文化传播有限公司,神狼文化,独代,25%≤X＜30%,广告服务*广告发布费 ,,全平台拉齐28%（不需要累量）,全平台拉齐28%（不需要累量）,,,0,0,,,,6,1个月,/,否,/,马涛,商务总监,atao4411@163.com,atao4412,马涛,商务总监,atao4412,,,,,已过期，沟通中,,,,"汽车,美妆,生活,美食","演员,作家,育儿师",√,√,,,,,,√,,,,,,神狼文化 3月独家资源报价表(12).xlsx,"【神狼文化】 4月独家资源报价表(1)(1).xlsx
【神狼文化】（短剧）4月独家报价表.xlsx",神狼文化 6月独家资源报价表(客).xlsx,神狼文化 6月独家资源报价表(客).xlsx,神狼文化 7月独家资源报价表(客).xlsx,神狼文化 8月独家资源报价表(客)(1)(3).xlsx,,,,,
78,,青岛旗鱼科技有限公司,旗鱼互动,独代,X≥30%,现代服务·信息服务费,,,,"旗鱼跃动：抖音小红书政策拉齐30%，
不可代下单
返点账期月结
开票：信息发布费 6%","旗鱼跃动：抖音小红书政策拉齐30%，
不可代下单
返点账期月结
开票：信息发布费 6%",,,,,,6%,1个月,/,/,/,一贤,商务,chenyixian@97qiyu.cn,qyyd719    18006488381,房芳,商务总监,fangfang7_19,2025年6月1日,2025年5月31日,,已归档,,,SIRI,省广X旗鱼25-26年年框合同0922.pdf,,,,,,,,,,,,,,,,,,,,【旗鱼跃动】25年7月刊例 (情感剧情、vlog日常、美妆测评).xlsx,【旗鱼跃动】25年8月刊例 [情感剧情、vlog日常、美妆测评].xlsx,,,,,
79,,广州大事件网络科技有限公司,广州大事件,独代,X≥30%,广告服务*广告发布费,,"政策：独家通用政策
全平台（抖音、微信公众号、小红书、快手、视频号）拉齐5.5折
",全平台（抖音、微信公众号、小红书、快手、视频号）拉齐5.5折,"全平台（抖音、微信公众号、小红书、快手、视频号）拉齐返点35%
不代下单，月结返点，无支付账期","全平台（抖音、微信公众号、小红书、快手、视频号）拉齐返点35%
不代下单，月结返点，无支付账期","8,250","8,250",,,,6,1个月,/,否,/,覃端豪,老板,598681108@qq.com,18898888612,练星辰,全国品牌高级营销经理,13928497739 / ipu910,2025/7/1,2626/6/30,,已归档,,,SIRI,省广X大事件25-26年年度代理协议.pdf,"生活,美食","探店,外国人,企业/品牌创始人,演员,情侣,模特",√,√,√,√,√,√,,√,,,,25年1月品牌刊例「大事件MCN城市号」.xlsx,25年2月品牌刊例「大事件MCN城市号」.xlsx,25年3月品牌刊例「大事件MCN城市」.xlsx,【大事件】25年4月品牌刊例「大事件MCN城市」(1).xlsx,25年5月品牌刊例「大事件MCN城市」.xlsx,25年6月品牌刊例「大事件MCN城市」.xlsx,25年7月品牌刊例「大事件MCN城市」.xlsx,25年8月品牌刊例「大事件MCN城市」.xlsx,,,,,
80,,想象（厦门）数字科技有限公司,新居网,独代,25%≤X＜30%,现代服务·信息服务费,,,,,,,,,,,,,,,,丁洁铿,,dingjiekeng@imaginemedia.cn,13902494982,,,,,,,"0＜R＜100w：25%
100w≤R＜300w：30%
300w≤R＜500w：35%
R≥500w：38%
合作平台：小红书、抖音、视频号、微博、快手
返点账期1个月，无支付账期
@林诗茹按30%这档起签
顶框不是38%吗？怎么30%是对方顶框了？如果他们没法给到，那是不是我们可以直接跟新居网聊，不通过他们合作？@林诗茹",30是对方顶框，无合作基础，无法给到顶框@郑玉莹,2025/9/26,SIRI,,,,,,,,,,,,,,,,,,,,,刊例（7月)2025年新居网MCN达人报价表.xlsx,,,,,,
81,,上海告趣信息科技有限公司,告趣,独代+集采,25%≤X＜30%,现代服务·信息服务费,,,,,,,,,,,,,,,,赖道婧,,daojing.lai@gaoq.com,18650935023,,,,,,,"小红书返点25%,支付账期一个月，返点账期一个月。",合同&入库跟进中,2025/9/12,SIRI,,,,,,,,,,,,,,,,,,,,,,,,,,,
82,,"江西众媒汇文化传
媒有限公司",众媒汇,,,,,,,,,,,,,,,,,,,,,,,,,,,,,,政策沟通中&入库中,2025/9/26,SIRI,,,,,,,,,,,,,,,,,,,,,,,,,,,
83,,,虎霸文化,,,,,,,,,,,,,,,,,,,,,,,,,,,,,,政策沟通中&入库中,2025/9/26,SIRI,,,,,,,,,,,,,,,,,,,,,,,,,,,
20,,湖南创新娱乐传媒有限公司,芒果,独代+集采,25%≤X＜30%,信息服务费,,"0-300w：
-抖音快手
自营KOL不低于25%、自营娱乐号不低于35%
-小红书
自营KOL不低于20%、自营娱乐号不低于25%

ps：以上政策为针对大客户行业给予的特殊优惠政策，基于大客户投放体量优势，抖音、快手平台的自营KOL资源，在基础框架政策的基础上，第一阶梯增加5%的折扣比例，即25%；第二阶梯增加3%的折扣比例，即28%；第三阶梯政策不变。

外采政策：不低于10%（针对非自营资源合作，双方可根据不同平台、不同项目需求，以实际项目确认的二核政策为准）","0-300w：
-抖音快手
自营KOL不低于25%、自营娱乐号不低于35%
-小红书
自营KOL不低于20%、自营娱乐号不低于25%",,,"1,391,255","1,391,255",,,,6,1个月,1个月,是,/,樊心洁,商务经理,fanxinjie@fulantv.com,13389451390,罗琳倩,营销中心负责人,L07ZXD_180508,,,,,政策沟通中,,,,"母婴,美妆,时尚,生活,美食,亲子,家居,数码,萌宠,剧情,影视娱乐,新闻资讯","演员,情侣,舞蹈,二次元,穿搭,歌手/音乐,运动健身",√,√,√,√,√,√,,√,,,芒果MCN2024机构介绍.pdf,"【芒果MCN】2025年1月抖音账号刊例 （12.31）(1).xlsx
【芒果MCN】娱乐营销资源刊例-1.15.xlsx","【芒果MCN】25年2月抖音垂类达人刊例 2.8.xlsx
【芒果MCN】娱乐营销资源刊例-2.8.xlsx","【芒果MCN】3月 抖音母婴家居生活达人刊例.xlsx
【芒果MCN】娱乐营销资源刊例-3.10.xlsx","【芒果MCN】25年4月抖音刊例（母婴 家居 生活）.xlsx
【芒果MCN】娱乐营销资源刊例-4.2.xlsx","芒果MCN2025年五月抖音刊例表4.24.xlsx
【芒果MCN】5月娱乐营销资源刊例-4.27.xlsx",【芒果MCN】6月娱乐营销资源刊例.xlsx,【芒果MCN】7月娱乐营销资源刊例.xlsx,【芒果MCN】8月娱乐营销资源刊例.xlsx,,芒果人MCN刊例Q3-10月.xlsx,,,
13,,深圳市少女派科技有限公司,少女派,独代,25%≤X＜30%,,,"机构政策：独家资源通用政策（不外采）
阶梯式政策
抖音：基础返点25%
小红书：基础返点20%
如后续合作量达70w 抖音30% 小红书23%， 100w200w300w往后还有不同的阶梯
不可代下单
1、需要先达到合作量才会放政策","抖音：基础返点25%
小红书：基础返点20%",,,"362,800","362,800",,,,6,,/,否,/,张嘉敏,商务经理,438077144@qq.com,176 6534 3681/GirlPower-88,曹鹤立,商务部总监,ssswww220,,,,"0-100w，抖音25%，小红书20%
100w-200w，抖音：32%，小红书：25%；
200w-300w，抖音：33%，小红书：26%； 
300w+，抖音：35%，小红书：28%；
汽车行业合作60s+，抖音可返30%
返点月结，信息服务费6%，不可代下单
合作量不高，只能按照这个政策签约
@林诗茹梯度过高且繁杂，减少梯度，降低体量",入库中,2025/8/7,SIRI,,"汽车,母婴,美妆,生活,医生,家居,漫画","高学历,企业/品牌创始人,医生,模特,科普",√,√,,,,,,,,"
 ",医学护肤MCN,"【少女派&萤火健康】2025年01月刊例（精致生活,家居家装,医生,母婴,成分,美垂）商务Jasmine嘉敏-2025.01.09.xlsx","【少女派&萤火健康】2025年02月刊例（精致生活,家居家装,医生,母婴,成分,美垂）商务Jasmine嘉敏-2025.02.14.xlsx","【少女派&萤火健康】2025年03月刊例（精致生活,家居家装,医生,母婴,成分,美垂）商务Jasmine嘉敏-2025.03.10.xlsx","【少女派&萤火健康】2025年04月刊例（精致生活,家居家装,医生,母婴,成分,美垂）商务Jasmine嘉敏-2025.03.25.xlsx","【少女派&萤火健康】2025年05月刊例（精致生活,家居家装,医生,母婴,成分,美垂）商务Jasmine嘉敏-2025.05.15.xlsx","【少女派&萤火健康】2025年06月刊例（精致生活,家居家装,医生,母婴,成分,美垂）商务Jasmine嘉敏-2025.05.27.xlsx","【少女派&萤火健康】2025年07月刊例（精致生活,家居家装,医生,母婴,成分,美垂）商务Jasmine嘉敏-2025.06.30.xlsx","【少女派&萤火健康】2025年08月刊例（精致生活,家居家装,医生,母婴,成分,美垂）商务Jasmine嘉敏-20250731.xlsx",,"【少女派&萤火健康】2025年10月刊例（精致生活,家居家装,科技数码,医生,母婴,成分,美垂）商务Jasmine嘉敏-20250929.xlsx",,,
12,,杭州麻瓜网络科技有限公司,差评、麻瓜联盟,独代,15%≤X＜20%,,,"独家：
差评（公众号）：30%；
公里每小时（公众号）40%；
其余账号（公众号）20%
b站：返点15%
抖音&小红书：返点20%
视频号20%","独家：
差评（公众号）：30%；
公里每小时（公众号）40%；
其余账号（公众号）20%
b站：返点15%
抖音&小红书：返点20%
视频号20%",,,"350,000","350,000",,,,6,,/,否,/,施蓓蓓,商务经理,beibei@chaping.tech,18521508080,莫润或,品牌营销总监,mrunfar,,,,玉莹沟通中,,,鑫豪/玉莹,,"汽车,生活,数码","测评,海归,高学历,高管,媒体主编/创始人,作家,摄影师,科普,漫画",√,√,√,√,√,√,,√,,,2023麻瓜联盟简介.pdf,差评X.PIN&麻瓜联盟&瓜瓜乐 合作方案 0120.xlsx,差评X.PIN&麻瓜联盟&瓜瓜乐 合作方案 0224.xlsx,差评X.PIN&麻瓜联盟&瓜瓜乐 合作方案 0303.xlsx,【差评X.PIN&麻瓜联盟】 合作方案 0331.xlsx,差评X.PIN&麻瓜联盟 合作方案 0519.xlsx,差评X.PIN&麻瓜联盟 合作方案 0603.xlsx,差评X.PIN&麻瓜联盟 合作方案 0701.xlsx,差评X.PIN&麻瓜联盟 合作方案 0801.xlsx,,差评X.PIN&麻瓜联盟 合作方案 1011.xlsx,,,
11,,广州清栀时尚文化传播有限公司,五月星河、莓有烦恼、森虎文化、初尘,独代,25%≤X＜30%,,,"2024年政策：
抖音、小红书、快手拉齐政策
0-300W:25%
300W以上：30%","抖音、小红书、快手拉齐政策
0-300W:25%",,,"524,000","509,000",,,,6,,/,否,/,邱立芳,商务经理,pandora0102@vip.qq.com,,王丰立, 商业化总经理,19963011139,,,,供应商入库资料收集中，政策下周一面聊，供应商约见,入库中,,SIRI,,"母婴,美妆,时尚,生活,数码,剧情","测评,高学历,企业/品牌创始人,演员,情侣,播音主持专业,设计师,留学生,营养师,舞蹈老师,模特,选美冠军,包租婆",√,√,,,,,,√,,,五月美妆公司介绍2024(1).pdf,"MAY MEDIA KOL LIST . 2025-1.xlsx
五月星河2025年1月份kol刊例表.xlsx","MAY MEDIA KOL LIST . 2025-2.xlsx
五月星河2025年2月份kol刊例表.xlsx",五月星河2025年3月份kol刊例表.xlsx,【五月星河】2025年4月份kol刊例表.xlsx,五月星河2025年5月份kol刊例表 .xlsx,五月星河2025年6月份kol刊例表 .xlsx,五月星河2025年7月份kol刊例表-云可.xlsx,五月星河2025年8月份kol刊例表 (1).xlsx,,五月星河2025年10月份kol刊例表.xlsx,,,
22,,北京觅桃严选文化传媒有限公司,觅桃文化,独代,25%＜X≤30%,广告服务*广告代理服务,,政策：小红书不低于25%（举例：母婴类基础22%，家居护肤类20%，每月特殊账号25%）,小红书不低于25%,全平台机构自营/独家签约账号拉齐政策：小红书：25%,小红书：25%,0,0,,,,6,1个月,/,否,/,冀恒刚,商务,jihg@mitao360.cn,"电话：18500269754  
 微信号：jhg695355570",王晓楠,商务总监,"电      话:18611088032
微 信 号：xiaonan497576",2025/6/30,2026/12/31,427,已归档,,,鑫豪,双盖版【供应商-年框合同审批-数字】北京觅桃严选文化传媒有限公司+年框供应商+2025年6月+2025年社会化媒体年度代理协议书-一式四份-批注版.pdf ,"母婴,时尚,生活,医生,亲子,家居","测评,探店,电视台/电台主持人,演员,情侣,医生,模特,摄影师",,√,,,,,,,,,觅桃文化介绍.pdf,【觅桃文化】独家刊例 2025年1月.xlsx,【觅桃文化】独家刊例 2025年2月.xlsx,【觅桃文化】独家刊例 2025年3月.xlsx,【觅桃文化】独家刊例 2025年4月 -.xlsx,【觅桃文化】纯独家刊例 2025年5月.xlsx,【觅桃文化】纯独家刊例 2025年6月 .xlsx,【觅桃文化】独家刊例 2025年7月.xlsx,【觅桃文化】独家刊例2025年8月.xlsx,,,,,
77,,江西遇见光传媒有限公司,遇见光,独代+集采,25%≤X＜30%,广告服务*广告发布费 ,,"机构：遇见光
机构类型：集采
政策：外采+独家拉通

抖音+小红书KOL政策：拉通25%
抖音+小红书KOC政策：
如走平台下单，同步KOL政策
如走水下下单，政策如下
小红书千粉KOC账号：不高于500元
抖音万粉KOC账号：不高于800元
懂车帝：25%
今日头条：20%
视频号：25%
公众号：20%","政策：外采+独家拉通

抖音+小红书KOL政策：拉通25%
抖音+小红书KOC政策：
如走平台下单，同步KOL政策
如走水下下单，政策如下
小红书千粉KOC账号：不高于500元
抖音万粉KOC账号：不高于800元
视频号：25%
公众号：25%
B站：25%",,,0,0,,,,6,1个月,/,否,/,郑奇宇,商务主管,2812208232@qq.com,"电话：19301318386
微信号：rrmgzh001",李文旺,商务经理,Wen-Ricardo,,,,该供应商同麦麦文化一家公司，目前这个主体已不使用,,,SIRI,,"汽车,美妆,生活,美食","演员,作家,育儿师",√,√,√,√,,,,√,√,,今日头条,,麦麦文化-2月刊例.xlsx,沐青文化2025年3月刊例.xlsx,未回复,麦麦文化刊例【巳巳如意】.xlsx,暂无,沐青2025年7月刊例.xlsx,遇见光文化2025年8月刊例.xlsx,,,,,
69,,北京升木文化传媒有限公司,升木文化,独代+集采,25%≤X＜30%,广告服务*广告发布费 ,,"、合作政策：
【抖音、小红书、视频号、懂车帝等】
自营账号全平台：返点不低于30%
外采账号全平台：返点不低于 25%
3、账期：
支付账期：平台预充值（针对有需要的项目可单独沟通提供账期）
返点账期：1个月","、合作政策：
【抖音、小红书、视频号、懂车帝等】
自营账号全平台：返点不低于30%
外采账号全平台：返点不低于 25%
3、账期：
支付账期：平台预充值（针对有需要的项目可单独沟通提供账期）
返点账期：1个月",,,0,0,,,,6,1个月,/,否,/,贾亚男,商务总监,81791650@qq.com,13439617300,孙冬炜,总经理,13911585174,,,,24年合同审核完毕待走OA流程，但目前对接人基本是无回复的状态，不建议推进签框,沟通暂缓,,,,"汽车,生活",无,√,√,,√,,,,,√,,,,2月价格抖音提报模板.xlsx,升木3月价格抖音提报模板.xlsx,未回复,未回复,未回复,7月KOL推荐列表 .xlsx,更新 8月KOL推荐列表 .xlsx,,,,,
80,,江西懿世文化传媒有限公司,懿世、量克,独代+集采,25%＜X≤30%,广告服务*广告发布费,,"政策：独家及外采资源通用政策（独家和外采一起累框）
阶梯式政策
抖音：合作体量（0-100w）返点25%，100w以上30%
小红书：合作体量（0-100w）返点20%，100w以上25%
视频号（平台）：7折（可开户）","抖音：返点25%，
小红书：返点20%
视频号（平台）：7折",,,"92,000","92,000",,,,6,,3个月,是,0,邓普林,商务负责人,dcdc258@qq.com,,易怀相,总经理,Yhxxjhyxc,,,,下单量不多，想要建联事业群，如果没有办法建联，就有合作走单项目就好,沟通暂缓,,,,"汽车,母婴,美妆,时尚,亲子,家居,数码,萌宠,旅行,剧情,生活","测评,探店,海归,高学历,电视台/电台主持人,高管,企业/品牌创始人,节目嘉宾,育儿师,专业化妆师/造型师,营养师,健康管理师,舞蹈老师,幼儿园园长,模特,方言,摄影师,导演,乐队,科普,中医",√,√,,√,,,,,,,2024年懿世文化简介.pdf,,,懿世25.3月刊例.xlsx,【懿世文化】4月刊例（含鼎梦+量克 ）(1).xlsx,25年5月懿世文化刊例.xlsxDC版(1).xlsx,25年6月懿世文化刊例 .xlsx,2025年7月懿世文化刊例.xlsx,25年8月懿世刊例.xlsx,,,,,
81,,深圳市乾派文化传播有限公司,乾派文化、向乾,独代+集采,"20%＜X≤25%
抖音快手政策：25%＜X≤30%",现代服务·信息服务费,,"24年政策：（独家和外采一起累框）
抖音快手自营28 签约22 
小红书B站20%
每月有特价账号一般是高于框架返点的返点30%，以对接商务报价为准
特殊项目也可接受溢价（例如大项目合作或打包多账号等，抖音快手的签约账号可上浮）

外采政策：
返点不低于17%","抖音快手自营28 签约22 
小红书B站20%",,,"2,552,200","2,552,200",,,,6,,1个月,是,/,黄倚天,商务经理,huangyitian@zhuanzhuan.com,ken-ones1,康哲衔,商务经理,13068727732,,,,"先不签年框，和对外政策统一一样，自营30%，外采25%
不签框原因是什么？@张在森
【自营】抖、快 30%，
【签约】抖、快 25%

【自营】小红书 25% B站20%
【签约】B站 小红书 视频号 20%",沟通暂缓,,,,"汽车,母婴,美妆,时尚,生活,亲子,家居,数码,旅行,二次元,剧情,三农,游戏","测评,探店,情侣,二次元,科普,动画,穿搭",√,√,,√,,√,,√,,今日头条,乾派文化MCN及向乾代理-公司介绍-12.7.pptx,,,【乾派文化】2025年3月刊例   .xlsx,【乾派文化】2025年4月刊例-bigger .xlsx,【乾派文化】2025年5月刊例 .xlsx,【乾派文化】2025年6月刊例 .xlsx,【乾派文化】2025年7月刊例 .xlsx,【乾派文化】2025年8月刊例 .xlsx,,,,,
83,,优界文化传播（上海）有限公司,优界,独代,X＞30%,广告服务*广告发布费 ,,"政策：独家刊例资源政策
抖音：40%
微博：按平台价下单后到手价 返点5%
微信公众号(走互选）：6折

2.关于微博，目前是平台价下单可接（非刊例价），因为平台价本身具备一个折扣，考虑到制作成本，目前她们给到的政策是：我们平台自下单再返平台是到手价5%；也可以授权机构下单，政策是按照刊例价来算折扣，政策与抖音刊例可拉齐
3.公众号目前可以按照最有优政策来执行（后台价/刊例价 选其低价）
4、给到我们的政策上已经是顶框，如果年合作量达到1000w+，另会有一个5%的返点","抖音：40%
微博：按平台价下单后到手价 返点5%
微信公众号(走互选）：6折",,,0,0,,,,6,,/,否,/,刘钰 ,商务总监,kikiliuyu@youjoy.tech,,子阳,总经理,18121095511,,,,"这个机构沟通非常困难，政策根本就是敷衍了事，只想赶紧接上汽项目，不太建议签框。。
我整理一下信息哈@尹小平（小平） 

1、for独家/自营刊例资源
抖音：40%返点（平台裸价）
微博：省广下单，机构到手价的返点5%；若是机构自下单，则平台刊例价的5%
微信公众号&视频号：40%返点（平台裸价）
*另外如果年合作量达到1000w+，另会有一个5%的返点
2、是否可配合进行外采比价（采买非独家签约账号）及相关政策：可全平台配合比价；预估30%-40%返点范围，具体bycase沟通，
3、抖音平台可以代下单需要收取2%代下单服务费（以含服务费下单量为基数）
4、若走平台需省广自行平台下单，下单预付无账期；若走水下合作账期最多1个月",沟通暂缓,,,,"美妆,时尚,生活,亲子,家居,旅行","测评,探店,大学生,高管,企业/品牌创始人,媒体主编/创始人,情侣,模特,穿搭,歌手/音乐",√,,√,,√,,,,,,,,2025年2月梦想空间资源表格.xlsx,2025年3月梦想空间资源表格(自孵独家）抖音+微博.xlsx,【优界】2025年4月梦想空间资源表格(3)(2)(1).xlsx,2025年5月梦想空间刊例（自孵独家+KOL+KOC).xlsx,2025年6月梦想空间1.xlsx,2025年7月梦想空间刊例(5).xlsx,2025年8月梦想空间刊例.xlsx,,,,,
84,,杭州达灵文化传媒有限责任公司,达灵文化,独代+集采,20%＜X≤25%,信息服务费,,"独家政策：小红书：20%，抖音、快手拉齐：25%
外采政策：小红书不低于15%，抖音不低于20%","独家政策：小红书：20%，抖音、快手拉齐：25%
外采政策：小红书不低于15%，抖音不低于20%",,,"24,775","24,775",,,,6,,/,否,/,徐缘,,1343172378@qq.com,,Liz:）,副总,Swiwian,,,,年框25年6月30日到期，目前机构反馈合作体量不多，续框意愿不高,沟通暂缓,,,达灵文化年框合同.pdf,"美妆,时尚,生活,剧情","测评,（前）空姐,穿搭,变装",√,√,,,,,,,,,,达灵Darling1月刊例12.31.xlsx,达灵Darling2月刊例1.27.xlsx,达灵Darling3月刊例2.26.xlsx,【达灵】Darling4月刊例4.3.xlsx,达灵Darling5月刊例0520(2).xlsx,达灵Darling6月刊例5.23 .xlsx,达灵Darling7月独家刊例7.3.xlsx,达灵Darling8月独家刊例7.28(1).xlsx,,,,,
85,,深圳市飞鱼新媒体网络科技有限公司,飞鱼,独代,20%＜X≤25%,信息服务费/咨询服务费,,"政策：独家/外采通用阶梯型返点政策，小红书/抖音

小红书
0-150： 20%
150-300万 22%
300万及以上：24% 

抖音：
0-150： 24%
150-300万 26%
300万及以上：28% 

附加费用(包括但不限于挂车费、授权费、产品费、线下出席费、多人出镜费、差旅费等)无返点。","小红书
0-150： 20%
抖音：
0-150： 24%",,,"538,600",0,,,,6,,/,否,/,白塔,,1103441717@qq.com,,Angel,商务总监,18823769322,,,,如降框，不考虑签约，作为建联公司储备,沟通暂缓,,,,"母婴,美妆,时尚,美食,家居,数码,萌宠,旅行,三农",测评,√,√,√,√,√,,,√,,,,,,【家居数码飞鱼】2025年3月刊例-微信：fyxy0304  .xlsx,【飞鱼】2025年4月刊例-微信：fyxy0304.xlsx,【家居数码飞鱼】2025年5月刊例-微信：18124029229.xlsx,【家居数码飞鱼】2025年6月刊例-微信：fyxy0304  .xlsx,【家居数码飞鱼】2025年7月刊例-微信：18124029229 (1).xlsx,【家居数码飞鱼】2025年8月刊例-微信：18124029229.xlsx,,,,,
