序号,昵称,达人链接,星图/花火/蒲公英主页链接,主发平台,账号类型,"主发平台
粉丝量（w）","1-20s
视频预估报价","21-60s
视频预估报价","60s以上
视频预估报价",第一梯度,第二梯度,第三梯度,政策,合作简介/说明,全网平台,当前政策梯度,下半年接单次数,,
1,虎哥说车,https://www.douyin.com/user/MS4wLjABAAAAnzRLpvV9w2jXzWhHSsG5D4SoqfYazU1-fvgm4joaHXQ,https://www.xingtu.cn/ad/creator/author-homepage/douyin-video/6674590795636408324?market_track_id=HDADMKOFPSESVBHCXA3F&search_session_id=7547656061898358793&possessStarId,抖音,汽车,2823.3,"240,000","600,000","600,000",30%,33%,35%,"1-3条：30% （CPM100 CPE5）
3-8条：33% （CPM100 CPE5）
8条以上：35%（CPM100 CPE5","虎哥曾从事汽车主持17年，专业度非常高的说车人。全网粉丝超2000w+，全平台作品累计超过40亿次播放量，稳居抖音、快手的头部说车人位置🏆
合作抖音：可分发除快手外所有新媒体短视频平台
合作快手：可分发除抖音外所有新媒体短视频平台
合作视频号或懂车帝：可分发除抖音、快手外所有新媒体短视频平台",抖音、快手、小红书、视频号、懂车帝,,1,,
2,猴哥说车,https://www.douyin.com/user/MS4wLjABAAAAKEwyE73s1rSCzBML8w2B3l_qpr0m9EzgBOZCRgBYpmQ,https://www.xingtu.cn/ad/creator/author-homepage/douyin-video/6639152398323417102?market_track_id=4OKLI625Z7ICJKD379YP&search_session_id=7547655771812315145&possessStarId,抖音,汽车,3410.2,"220,000","550,000","580,000",25%,30%,35%,"1-3条：25%（cpm50，cpe5）
3-8条：30%（cpm50，cpe5）
8条以上：35%（cpm50，cpe5）","汽车垂类王者
抖音、快手、懂车帝三端发力，全网粉丝近 1 亿 ，稳坐抖音车垂博主月榜 TOP1 ！ 长城、智己、东风、沃尔沃 等车企的合作常客，汽车品牌营销的不二之选🚗！
可合作平台：抖音、快手、小红书、
懂车帝、视频号微博、今日头条、汽车之家
可分发平台：可以分发今日头条
西瓜视频、视频号","抖音、快手、小红书、
懂车帝、视频号微博、今日头条、汽车之家",,1,,
3,维维啊,https://v.douyin.com/kGwHZf2OD-M/,https://www.xingtu.cn/ad/creator/author-homepage/douyin-video/6710621056995950599?market_track_id=FVVKPNX6WQ277BP3ZDK0&search_session_id=7547658263469178931&possessStarId,抖音,剧情搞笑,2039.7,"350,000","500,000","500,000",25%,25%,25%,25%cpm40 cpe4,"维维啊：抖音电影年度突破创作者🎬
全网粉丝3000w，抖音粉丝近2000w、获赞7亿+，账号60天粉丝破千万成为行业标杆🔥
以幽默风趣的形式将产品融入剧情，搞笑不生硬，2024-2025年上榜热热搜20余次！！
与舒肤佳、趣多多、Swisse、深蓝等一线大牌多次合作。
可合作：抖音、快手、小红书、b站、微博、视频号
超头部达人、抖音精选计划达人、独创#维式委屈 157.8亿+播放
【抖+可免费授权3个月】
【站内的内服、内容热推（不含磁贴）可免费授权3个月】
【站内的品牌官方账号可免费把素材授权3个月，二剪需要给我们确认】
【7月发布档期可赠送视频号分发】",抖音、快手、小红书、b站、微博、视频号,,,,
4,八戒说车,https://www.douyin.com/user/MS4wLjABAAAAmBe9IvPSBxy2TvE_QsS9b_xW4JinLfkVQdZyWIr24sqqS32z8lHisdA04vESK0mj,https://www.xingtu.cn/ad/creator/author-homepage/douyin-video/6756041124684496904?market_track_id=NZ23J74RIB6DOBG19DHA&search_session_id=7547658906659504155&possessStarId,抖音,汽车,1860,"160,000","390,000","450,000",25%,30%,35%,"1-3条：25%（cpm50，cpe5）
3-8条：30%（cpm50，cpe5）
8条以上：35%（cpm50，cpe5）","可合作平台：抖音、快手、小红书、
懂车帝、视频号、今日头条、汽车之家
可分发平台：可以分发今日头条
西瓜视频、视频号","抖音、快手、小红书、
懂车帝、视频号、今日头条、汽车之家",,1,,
5,周周啊,https://v.douyin.com/vKNHlnkXvnU/,https://www.xingtu.cn/ad/creator/author-homepage/douyin-video/6719762933103984652?market_track_id=T3271BA05UVTAC5J87G1&search_session_id=7547658000741089290&possessStarId,抖音,剧情搞笑,2311.6,"435,000","468,000","495,000",25%,25%,25%,25%返点保kpi,"周周呀 ：搞笑剧情顶流
坐拥 2000w+ 全网粉丝，获赞 6.6 亿 + ，条条视频都是爆款！超 E 人设自带话题，营销号疯狂转发🔥！与雅诗兰黛、抖音商城、大众、理想等一线大牌深度合作，品牌曝光直接拉满！
合作抖音平台，分发送个视频号
可合作平台小红书，快手，抖音
",抖音、小红书、快手,,1,,
6,脱缰凯,https://v.douyin.com/OfGTEKZji6o/,https://www.xingtu.cn/ad/creator/author-homepage/douyin-video/6790135851746590728?market_track_id=98OFHNJJLMIER1BCBNBS&search_session_id=7547656901635653678&possessStarId,抖音,剧情搞笑,2709,"250,000","400,000","500,000",30%,30%,30%,抖音统一30%保cpm40 cpe4,"抖音、视频号、快手、B
024 dou斯卡达人、多次获得：头部必选月榜前10、高潜游戏周榜第一、3c第一
达人粉丝粘性极高、男性占比高、纯自然流基本平均播放2000w+ 互动量50w+、常有爆款破亿视频（使命召唤、讯飞耳机商单发布后24h破亿播放）
合作分发平台：小红书/视频号/快手/B站免费赠送其一",抖音 、快手、 B站、 小红书 、视频号、 微博,,,,
7,懂车侦探,https://v.douyin.com/61ycvBN/,https://www.xingtu.cn/ad/creator/author-homepage/douyin-video/6669674737641193485?market_track_id=QV2MP3VXYK4NY1Y31LAO&search_session_id=7547657026986934282&possessStarId,抖音,汽车,2345.6,"288,000","344,000","384,000",30%,30%,30%,上汽和通用项目抖音政策30%，其他平台不低于20%,汽车头部必选周榜TOP3,抖音、快手、小红书、视频号,,,,
8,车坛老炮儿,https://v.douyin.com/civt7lRn1cM/,https://www.xingtu.cn/ad/creator/author-homepage/douyin-video/6629657814136520712?market_track_id=ZSFNRIG8RUYEPYKZ7BDU&search_session_id=7547660861284991026&possessStarId,抖音,汽车,1498.7,"152,000","380,000","380,000",30%,35%,38%,"1-3条：30% （CPM100 CPE5）
3-8条：35% （CPM100 CPE5）
8条以上：38%（CPM100 CPE5）","合作抖音：可分发除快手外所有新媒体短视频平台
合作快手：可分发除抖音外所有新媒体短视频平台
合作视频号或懂车帝：可分发除抖音、快手外所有新媒体短视频平台",抖音、快手、小红书、视频号、懂车帝,,,,
9,伊总来了,https://www.douyin.com/user/MS4wLjABAAAATU8x-m9ilCiYeS6NdhqebtpjcvaJVvo9YnCeqq-4sdA,https://www.xingtu.cn/ad/creator/author-homepage/douyin-video/7195477871970746428?market_track_id=NIJLUXTBPPKF1MXW4PEL&search_session_id=7547661854840258610&possessStarId,抖音,汽车,1450,"35,600","89,000","118,000",30%,35%,38%,"1-3条：30% （CPM100 CPE5）
3-8条：35% （CPM100 CPE5）
8条以上：38%（CPM100 CPE5）","可合作平台：抖音 快手 视频号
可分发 小红书 微博 今日头条",抖音、快手、视频号、小红书、微博、今日头条,,1,,
10,玩车女神,https://www.douyin.com/user/MS4wLjABAAAAokOwJXQ1IEesnNfiWOUMhfhgLYqpWijH_CMONO7lApM,https://www.xingtu.cn/ad/creator/author-homepage/douyin-video/6618398482694668301?market_track_id=TK4C2SOHI9Q0901YU1L4&search_session_id=7547662377677340723&possessStarId,抖音,汽车,1415.1,"200,000","330,000","360,000",30%,30%,30%,上汽和通用项目抖音政策30%，其他平台不低于20%,汽车头部必选月榜TOP12,B站、快手、视频号、今日头条、,,1,,
11,大掌柜夫妇,https://www.douyin.com/user/MS4wLjABAAAARLES30_glrfkHr7grVFKzWL7DNRHTEJic5zyN0Bks2A?from_tab_name=main,https://www.xingtu.cn/ad/creator/author-homepage/douyin-video/6740435279955361800?market_track_id=R3AH41TLAS3ZFY5OS9C0&search_session_id=7547663043157770290&possessStarId,抖音,母婴剧情,1337,"310,000","310,000","310,000",30%,30%,30%,30%,"✔ 大掌柜夫妇：抖音优质内容创作者
头部必选榜·亲子周榜top19
抖音粉丝近1300w+、获赞3.1亿+，全平台近2000w粉丝，月链接用户数高达5000w 中国东方研究会经济与文化专业委员会委员
内容以夫妻日常、搞笑段子、情感互动、家庭生活为主
夫妇搭档出镜，风格通常为“欢喜冤家”或“甜蜜互动”，通过生活化场景引发共鸣，还是有三娃👶🏻的家庭
与魏牌蓝山、奥利奥、潘婷、QQ星等一线大牌常年合作，全品类产品都可配合日常生活剧情进行植入。",抖音、小红书、快手、视频号,,1,,
12,老丈人说车,https://www.douyin.com/user/MS4wLjABAAAAQEz_scsICUFGfJnBpg5qav7tH3Vx7f1RJklH1aTyNXM,https://www.xingtu.cn/ad/creator/author-homepage/douyin-video/6618398384120135683?market_track_id=AIVTU1Q3ASMC8CGRQNFD&search_session_id=7547663564018909235&possessStarId,抖音,汽车,1000.5,"100,000","250,000","300,000",30%,33%,35%,"1-3条:30%(CPM80 CPE5)
3-8条:33%(CPM80 CPE5)
8条以上:35%(CPM80 CPE5)","可合作：抖音，快手，懂车帝，视频号，小红书
抖音红人影响力榜-汽车第5；
懂车帝优质创作者奖第1名；
克劳锐自媒体价 
值榜老丈人说车第4名；
mcn小红书汽车榜第8名；
抖音红人影响力榜-汽车第10
分发平台：视频号，汽车之家，微博",抖音、快手、小红书、视频号,,3,,
13,叶公子,https://v.douyin.com/0ip5B8hxOTc/,https://www.xingtu.cn/ad/creator/author-homepage/douyin-video/6677781900548898828?market_track_id=K9TVSGALISD4S1DJR8SF&search_session_id=7547656187081949210&possessStarId,抖音,剧情,2728.6,"127,000","127,000","137,000",30%,33%,35%,1-3条:30% 3-8条 33% 8条及以上:35%，（保cpm50，cpe5）,"叶公子：初代剧情头部博主
全网粉丝 2600W+ ，作品累计播放 10 亿次 ，点赞 5.8 亿次 ！星图视频平均播放 855w+ ，商单保底 播放500w+ ！曾合作过华为、自然堂、茅台、海蓝之谜、广汽等多领域大牌，美妆、护肤、食品、汽车通通拿捏，带货力 MAX！
可合作平台：抖音 快手 小红书 视频号
初代剧情头部博主
头部必选榜·月榜·剧情·第14名
核心数据:
星图视频均值855w➕播放
商单可至少保500w➕播放
【分发】目前可给到价值8w的视频号免费分发
【短剧额外权益优势】如图",抖音、快手、小红书,,1,,
14,语柠Cici,https://www.douyin.com/user/MS4wLjABAAAAT5sKwApTJ6rqftBnkoiEb2AiXgRpAI1Hw3TJyuWltHc9ZXTdjA0ImrrccJe8WXeP,https://www.xingtu.cn/ad/creator/author-homepage/douyin-video/6962075776887816200?market_track_id=9E2F6CZ5ENB8H345481T&search_session_id=7547663292546727946&possessStarId,抖音,汽车/旅行,1141.2,"158,000","219,000","238,000",30%,30%,30%,30%,"头部必选榜·周榜·汽车·多家车企合作过创作内容通过分享自己在不同地方的旅行经历
可合作抖音，分发视频号",抖音、小红书、视频号,,,,
15,放扬的心心,https://www.douyin.com/user/MS4wLjABAAAAqz_2v6U8gWyipLbpxwaysaZQGk0MgVOhOjAyLxYACZ8?from_tab_name=main,https://www.xingtu.cn/ad/creator/author-homepage/douyin-video/6629665306203652099?market_track_id=MLHYZEODFT83UTRSVGGO&search_session_id=7547660718867791898&possessStarId,抖音,剧情/颜值,1649.4,"150,000","180,000","200,000",30%,30%,30%,30%,"✔ 放杨的星星：抖音精选计划博主
抖音超高颜值情侣博主👫🏻
抖音粉丝1600w+ 获赞 5亿+ 
高颜值情侣CP，两个人为专业演员出身，演技高超🎬
最有效率最勤奋配合度最高的头部达人之一👍🏻
与雅诗兰黛、兰蔻、华为、vivo、OPPO、岚图、零跑等一线品牌深度合作。",抖音、快手、小红书,,,,
16,大鲜汽车讲堂,https://www.douyin.com/user/MS4wLjABAAAAQz51UhcKV25-WBOJPzWomvcWQdeZ0GrGOiVav-7fgls,https://www.xingtu.cn/ad/creator/author-homepage/douyin-video/6629663464358936589?market_track_id=82HRU2HNH6M4D36ED8XM&search_session_id=7547663887747825710&possessStarId,抖音,汽车,1022.4,"80,000","188,000","200,000",30%,33%,35%,"1-3条:30%(CPM80 CPE6)
3-8条:33%(CPM80 CPE6)
8条以上:35%(CPM120 CPE6)","可合作平台：抖音、快手、视频号、懂车帝、小红书、微博
抖音平台top10汽车知识创作者，车后市场直播带货头部达人
可免费分发，视频号、小红书、微博等平台",抖音、快手、视频号、懂车帝、小红书、微博,,5,,
17,科技公元,https://www.douyin.com/user/MS4wLjABAAAA3AUtBDeklwYia2XtumgLzmQioRIFEFNmuv7Hf1fBd4k,https://www.xingtu.cn/ad/creator/author-homepage/douyin-video/6629722310003654663?market_track_id=US4CP2GIRM7RLTQOHMTA&search_session_id=7547663155032506418&possessStarId,抖音,3C/汽车,1331,"92,000","156,800","196,800",30%,32%,35%,"1-3条 返点30 cpm100 cpe10
3-8条 返点32 cpm80 cpe8
8条以上 返点35 cpm60 cpe6","可合作平台：抖音，快手，红书，B站，视频号
可以合作送微博/B站，有硬性要求可以沟通视频号
【抖音创作者学院合作讲师】
【2019抖音年度知识创作者】
【2020秒懂百科创作者知识力年度榜冠军】
【2021抖音“科技创梦”话题活动第2名、TOP 15 】【全球短视频征集活动中获“最佳创意奖”】
【2022克劳锐TOPKLOUT年度粉丝Pick达人等】",抖音，快手，红书，B站，视频号,,,,
18,曹野,https://www.douyin.com/user/MS4wLjABAAAAHP3o_TDOLtIREgDA_gT9S5MmCqu34zFxwL3d5eaoJQ8,https://www.xingtu.cn/ad/creator/author-homepage/douyin-video/6596678139047313416?market_track_id=C85DQANLVFN8TWQJGF7J&search_session_id=7547658509249921070&possessStarId,抖音,汽车,2027.1,"100,000","177,000","210,000",30%,33%,35%,"1-3条:30%（cpm 60 cpe5 ）
3-8条 33% （cpm 60 cpe5 ）
8条及以上:35% （cpm60 cpe5）","星图头部必选榜·月榜·汽车·第六名
头部车垂 配合度高 分发平台多 保
量且政策好。分发，视频号头条
懂车帝 易车","抖音 快手 小红书（付费）
视频号 头条 易车 懂车帝 汽车之家（免费）",,,,
19,超甜女友九九,https://v.douyin.com/aW3c7sRSuQs/,https://www.xingtu.cn/ad/creator/author-homepage/douyin-video/6629657342088577027?market_track_id=2UBLBIW75O127XMJHT1W&search_session_id=7547663747088433178&possessStarId,抖音,汽车,1058.5,"88,000","149,999","169,999",35%,35%,35%,抖音统一35%,"环球旅行达人/年度影响力文旅文化大使 
可免费分发小红书 视频号",抖音、小红书、视频号,,,,
20,钟婷XO,https://www.douyin.com/user/MS4wLjABAAAANIc0cmhrqIrapBy-9jcX8r295NcvSYX5QcFnSwKrh0M,https://www.xingtu.cn/ad/creator/author-homepage/douyin-video/6639185785788563464?market_track_id=HD847EA66E080UZ5ZG2O&search_session_id=7547660156265005106&possessStarId,抖音,剧情搞笑,1853.4,"120,000","150,000","160,000",30%,30%,30%,30%,"✔钟婷XO ：颜值赛道创作者
头部剧情账号
抖音粉丝1800w+， 点赞超过4.6亿+，日常平均播放超300w+，cpm60，cpe1
千万头部达人，颜值赛道短视频创作者，女生形象百变，可甜可御👸🏻
与别克、岚图、百事可乐、华为、欧莱雅等一线大牌常年合作",抖音、快手、小红书,,,,
21,伊博,https://v.douyin.com/EVmFw-MENO0/,https://www.xingtu.cn/ad/creator/author-homepage/douyin-video/6673287101158522894?market_track_id=Z2NDB3N54UUOVD2K110W&search_session_id=7547663593925115913&possessStarId,抖音,剧情搞笑,1101.7,"60,000","150,000","150,000",38%,38%,40%,"抖音：1-8单：38%
8单以上：40%","2013年来到中国留学，2016年拍摄短视频凭借剧情和东北话走红。通过一口流利的东北方言，分享来到中国遇到的搞笑事情，在各大平台走红，获得众多粉丝喜爱。参加过奔跑吧兄弟、沈阳春晚等大型节目。
可合作平台：抖音、快手、视频号、小红薯、b站
2025新榜创作先锋奖
可做全网分发",抖音、快手、视频号、小红书、b站,,,,
22,陈小油说车,https://www.douyin.com/user/MS4wLjABAAAAa7cPQuCRD1J2Cuev5NJ4fyU_SoLiF_wDtCF0mTLk-5Q,https://www.xingtu.cn/ad/creator/author-homepage/douyin-video/6677811883849809933?market_track_id=FDGO6O5CUP3UGRFCOMJR&search_session_id=7547662679436787738&possessStarId,抖音,汽车,1398,"80,000","140,000","170,000",30%,33%,35%,"1-3条:30%（ cpm 60 cpe5 ）
3-8条 33%（ cpm 60 cpe5 ）
8条及以上:35%（cpm60 cpe5）","星图头部必选榜·月榜·汽车·第十二名
配合度高 分发平台多 保量且政策好
分发视频号头条 懂车帝 易车",抖音、小红书、视频号、懂车帝,,,,
23,董威君Vin,https://www.douyin.com/user/MS4wLjABAAAAnmy5wvf2VM46jwFBx1Wa1UBt3yyoCmL25VXwDXPkhAU,https://www.xingtu.cn/ad/creator/author-homepage/douyin-video/6729502085710086155?market_track_id=HOG17J72K5AG5JYS10J8&search_session_id=7547664115864010778&possessStarId,抖音,汽车,925.8,"200,000","298,000","328,000",30%,,,30%,"董威君Vin ：BMW认证高级驾驶及产品培训师
抖音粉丝926w 获赞 7580w，资深汽车行业导师，全球认证高级产品及驾驶培训师，《董车纪划》创始人。擅长技术解析、电动智能汽车领域板块等。与林肯、小米、雅迪、奇瑞、林肯、宝马、捷豹、保时捷、奔驰等一线汽车品牌深度合作。",抖音、视频号、懂车帝、小红书,,2,,
24,甜蜜老张,https://v.douyin.com/yarDNZ0m5bA/,https://www.xingtu.cn/ad/creator/author-homepage/douyin-video/6974732266907893767?market_track_id=KITZZX17Q1FUUX27BB4N&search_session_id=7547664179306676251&possessStarId,抖音,剧情搞笑,870,"168,000","168,000","200,000",30%,,,统一30%（保cpm 50 cpe5 ）,"甜蜜老张：抖音搞笑剧情博主一人分饰多角。内容以搞笑、社死、无厘头事件为主，粉丝忠诚度高、粘性强。擅长戳粉丝的笑点，将话述与脸部微表情相结合形成的独特搞笑无厘头风格，内容质量高，吸引大部分年轻人群喜爱。该达人去年上线的导航语音包全网使用量超过40亿+。
可合作平台：抖音，快手，B站，视频号
合作抖音可以免费赠送视频号/小红书/微博三选一
游戏类的可以送直播1小时/抖音小号（甜蜜小张）【二选一】",抖音、快手、视频号、小红书,,,,
25,极速双姬,https://www.douyin.com/user/MS4wLjABAAAAjdO6PCEKv2NQHza5hmz1aAO0UdxDbncpyH-JMCBB6fI,https://www.xingtu.cn/ad/creator/author-homepage/douyin-video/6596678596503273475?market_track_id=SSTOZE378S5FABODQEEP&search_session_id=7547664575523405862&possessStarId,抖音,汽车,818.5,"96,000","120,000","146,000",30%,,,年框30%,,抖音、视频号、小红书,,1,,
26,泡芙不败家,https://www.douyin.com/user/MS4wLjABAAAA5BG1m5_9RfTUW20u-sRECUmUf6LgDYrP4jq2jlP7ogQ,https://www.xingtu.cn/ad/creator/author-homepage/douyin-video/6678576320382763021?market_track_id=3SLWSLAL0X794YFOUFZY&search_session_id=7547665219557130286&possessStarId,抖音,汽车/旅行,816.8,"56,700","67,100","78,000",25%,,,年框25%,,抖音、视频号、小红书,,,,
27,李凉凉❤️,https://www.douyin.com/user/MS4wLjABAAAA9FHbU1R_OInmxZ3GtY-4Xzmy4OC27lXVtGMoW4xOaCo,https://www.xingtu.cn/ad/creator/author-homepage/douyin-video/6708994206288838668?market_track_id=ZGN83PSH18XJKTSF0H07&search_session_id=7547666333648207882&possessStarId,抖音,汽车/生活,770.6,"100,000","157,000","167,000",50%,,,星图60s+返点50%,"看合作内容保kpi数据
可分发平台：快手 视频号",抖音、快手、视频号,,,,
28,纱姐说车,https://www.douyin.com/user/MS4wLjABAAAADiRcfB4VjVfEEz2KYwY_jf1k-6eblEc17AE836ZWsfI,https://www.xingtu.cn/ad/creator/author-homepage/douyin-video/6596678598759809038?market_track_id=XWVXF9MUB5D5IQAIMJN8&search_session_id=7547666333648650250&possessStarId,抖音,汽车,750.2,"120,000","150,000","200,000",30%,,,年框30%,,抖音、小红书呢、视频号,,1,,
29,灵霖七,https://www.douyin.com/user/MS4wLjABAAAA_PMdYjxrNmR6iDcTI5sqeX3K4JrjHE83VMn8h2TM8LHX4park-CpcV6uljAvM5hc,https://www.xingtu.cn/ad/creator/author-homepage/douyin-video/6803600441029427207?market_track_id=ES04WCS0UL84LK6HCO9G&search_session_id=7547666606575337518&possessStarId,抖音,剧情搞笑,742.2,"177,000","247,000","247,000",30%,33%,35%,剧情翻拍类/1-3条:30% 4-5条 33% 5条及以上:35%（保cpm50，cpe5）,"抖音粉丝近740w+、获赞1.1亿+
玩梗杯最佳女演员奖、最佳改编剧本、最佳配音奖得主
2023年10月发布经典电视剧与大学生宿舍的二创《带饭传》核心视频，以其让观众哭笑不得的独创风格，拓宽了二创视频的可能性，引起甄学家广泛关注
星图商单视频平均cpm35、cpe1
与欧莱雅、华为、广汽、安慕希等一线大牌多次合作",抖音、小红书、视频号,,,,
30,车探三岁,https://www.douyin.com/user/MS4wLjABAAAAVAZsNdHp2L1_qOvKxt-9NYH02Y_cR_GLqGgYgxRW3ww,https://www.xingtu.cn/ad/creator/author-homepage/douyin-video/6687446892701286412?market_track_id=GP8HU85PW8JPATVA6UBR&search_session_id=7547666614071181339&possessStarId,抖音,汽车,739.4,"150,000","188,000","220,000",30%,,,年框30%,,抖音、小红书、视频号、b 站,,,,
31,AMCC肌肉车会长,https://www.douyin.com/user/MS4wLjABAAAAY7kcyhukIIHg1rj3JM4ppoH1C2Bt4E7HJe5zOwrLxbQ,https://www.xingtu.cn/ad/creator/author-homepage/douyin-video/6697442245198479374?market_track_id=F54N6AYMQNTI8OU4GRSX&search_session_id=7547666637853163547&possessStarId,抖音,汽车,729,"100,000","250,000","280,000",30%,,,抖音统一30%（cpm80，cpe8）,"合作抖音分发微博，今日头条，懂车帝
抖音，平均播放过500万",微博、今日头条、懂车帝,,1,,
32,艾伯特,https://www.douyin.com/user/MS4wLjABAAAA5IEKEs2H_cbPThZ3zhimPazo1Sdnw-XoxtoOHhG3_RM,https://www.xingtu.cn/ad/creator/author-homepage/douyin-video/6629724419147169799?market_track_id=YVUOYA3I5QQTFH6NSVGT&search_session_id=7547666744169955337&possessStarId,抖音,汽车,728.2,"115,000","230,000","240,000",30%,,,抖音统一30%（cpm80，cpe8）,"合作抖音分发视频号、今日头条、懂车帝
抖音， 平均播放360万",抖音、视频号、今日头条、懂车帝,,,,
33,薯条🍟来啦,https://www.douyin.com/user/MS4wLjABAAAALe9IWaRtOcQHyPgnpTzwPem0zb-IMiHcT4zs_mV20LQ,https://www.xingtu.cn/ad/creator/author-homepage/douyin-video/7076600936264630286?market_track_id=7OSXKGCZ10EARK36S6ZQ&search_session_id=7547666979012935731&possessStarId,抖音,母婴,715.3,"260,000","320,000","330,000",30%,,,715.5w 60s+：33w 返点30% 保cpm100，cpe3,"✔ 薯条🍟来啦 ：这是薯条 一个迷迷的男子👶🏻
抖音粉丝715.6w 获赞 3.5亿 全网粉丝近1000w
爸爸邱老师因疫情居家办公期间，开始拍摄并分享薯条的日常生活视频，凭借薯条一句“我有点迷迷了”火爆全网，妈妈是琰琰婚礼日记的创始人，也是一名自媒体博主。父母都是高知识分子，适合需要高学历背书的品牌
与阿维塔、石头、悦鲜活、美的、魏牌高山等一线品牌深度合作",抖音、小红书,,,,
34,杀手公开课,https://v.douyin.com/DDSIefiVxj4/,https://www.xingtu.cn/ad/creator/author-homepage/douyin-video/7331251703192223754?market_track_id=IOMW5WINP2TDN47M65ZE&search_session_id=7547667161918816283&possessStarId,抖音,汽车,663,"180,000","180,000","200,000",30%,,,30%,"topgear亚太区主理人，国家认证的场地赛车手、经常参加各大品牌赛车手活动
赛车手优势可以深度挖掘、合作可以免费提供赛道资源，分发：视频号、易车号",抖音、视频号、易车,,1,,
35,终极小腾,https://www.douyin.com/user/MS4wLjABAAAAYY48wncTf9OP5QwMW7_nMrqkwx-1Blak4uTS-4FZCMc,https://www.xingtu.cn/ad/creator/author-homepage/douyin-video/6805569871749840910?market_track_id=PUNMN0KQJ32WVD1OPGTU&search_session_id=7547671749581504539&possessStarId,抖音,汽车,654.7,"300,000","430,133","800,000",15%,20%,25%,"1-4条15%
4-7条20%
7条+25%",可合作：抖音b站视频号,"抖音 b站 视频号
",,,,
36,小辰吾妮,https://www.douyin.com/user/MS4wLjABAAAAwCXPRmaM5wrH-Q7M-lliXvnOn_eNVZGSIbQih7h9AmM,https://www.xingtu.cn/ad/creator/author-homepage/douyin-video/6732786359871750152?market_track_id=6VUBMDYHFNGUQRLCNNOK&search_session_id=7547667532824739878&possessStarId,抖音,剧情搞笑,654.5,"180,000","180,000","200,000",30%,,,统一30%（看具体项目内容保量）,"抖音粉丝600w 点赞超过4亿+
日常平均播放超800w+，cpm20，带货力强
各大平台热搜榜单常客，1甜蜜有趣高颜值情侣日常深受粉丝喜爱
复投品牌：得物app 7投、完美日记品牌7投、识货app 5投、欧莱雅5投、骑士卡5投，亲爱男友沐浴露5投，58同城4投、欧乐B品牌3投、江小白3投、完子心选3投、吉列3投、美的3投",抖音、小红书、视频号,,,,
37,师妹超来电,https://www.douyin.com/user/MS4wLjABAAAA3li6KzFaY2MhH6DysTmCrCe5f3eNYy8IR4ESox7tP40,https://www.xingtu.cn/ad/creator/author-homepage/douyin-video/6790289822352146446?market_track_id=447LD3MX3XQMLHAHTUU7&search_session_id=7547667647945523246&possessStarId,抖音,汽车,649.7,"80,000","160,000","200,000",27%,,,年框27%,,抖音、视频号、小红书,,1,,
38,车圈阿飞,https://www.douyin.com/user/MS4wLjABAAAAZRALKxF8_GC8KtlYo_Bi3XYmj7AQKJEEAjEuTsuf7YU,https://www.xingtu.cn/ad/creator/author-homepage/douyin-video/6779054899695976461?market_track_id=P59AFOJJYPQO7MDZR92H&search_session_id=7547667647946473518&possessStarId,抖音,汽车,631,"70,000","120,000","140,000",25%,30%,35%,1单25%；2-3单30%；3单+35%,"可合作：抖音、快手、视频号、小红书
可赠送快手、小红书、微博分发
抖音近30天播放量4333万；
视频号粉丝324万，累计获赞超500万；",抖音、快手、视频号、小红书,,,,
39,唐璇,https://www.douyin.com/user/MS4wLjABAAAAwbW3CE5gNn0ISaIEG_XoXZ3mK9FXgTK5hQCqbH79co0,https://www.xingtu.cn/ad/creator/author-homepage/douyin-video/6629723395548250126?market_track_id=YP186P24GYI3WKJ56P9K&search_session_id=7547667851002642478&possessStarId,抖音,汽车,619.5,"80,000","200,000","250,000",35%,38%,41%,"1-3条: 35% (CPM80 CPE4)
3-8条: 38% (CPM80 CPE4)
8条以上:41 % (CPM80 CPE4)","可合作平台：抖音、微博、小红书
合作其他平台免费分发微博",抖音、微博，小红书,,,,
40,5号车库阿张,https://www.douyin.com/user/MS4wLjABAAAASgeKDYx9duP2X3huJYfnsjVEta0IglawdKkro8ezUdA,https://www.xingtu.cn/ad/creator/author-homepage/douyin-video/6977596565200306184?market_track_id=YIC8CZFWV8MRTKXJNARH&search_session_id=7547668007280345139&possessStarId,抖音,汽车,613.8,"72,000","180,000","198,000",25%,30%,35%,"1-3条：25%（cpm60，cpe4）
3-5条：30%（cpm60，cpe4）
5条以上：35%（cpm60，cpe4）","可合作平台：抖音、快手、小红书、
懂车帝、视频号、今日头条、汽车之家
可分发平台：可以分发今日头条
西瓜视频、视频号",抖音、快手、小红书,,,,
41,地位极高硬气鑫,https://v.douyin.com/qfQV-9A1Koo/,https://www.xingtu.cn/ad/creator/author-homepage/douyin-video/6858510745127092237?market_track_id=Y7A9UY194VV1111XAR02&search_session_id=7547668124234039347&possessStarId,抖音,母婴/剧情/汽车,585.3,"124,000","180,000","198,000",30%,,,30%cpm40，cpe4,"地位极高硬气鑫 ：夫妻赛道自媒体创作者
高颜值一家三口👪抖音热搜话题【电竞房】开创者，相爱相杀的真实生活记录者~曾通过一条种草视频带动400w+GMV🛍
内容主打沉浸式种草、无痕转化带货，合作类目广，可合作母婴汽车、美妆、视频饮料等行业。
妈妈账号【少女鹿】宝宝账号【大结实】可一同享受政策优势
可合作平台：抖音 b站
视频号免费分发 授权三个月免费",抖音、B 站、小红书,,,,
42,家有懂车妹,https://v.douyin.com/61fNony/,https://www.xingtu.cn/ad/creator/author-homepage/douyin-video/6669674637334413316?market_track_id=JN5FKBYRP3WAHPN110FW&search_session_id=7547672087322738734&possessStarId,抖音,汽车,571,"130,000","150,000","180,000",30%,,,上汽和通用项目抖音政策30%，其他平台不低于20%,,抖音、小红书、视频号,,,,
43,九方狸狸,https://www.douyin.com/user/MS4wLjABAAAAJzKPOnH4Dsp13HmZiZOMiysZgRlNBLK3GFiFk0qF3LOoeNdlJt2ooUC9Djt7A2x5,https://www.xingtu.cn/ad/creator/author-homepage/douyin-video/7210255893651259392?market_track_id=8KWGIBJRA6NNDZ50ZAO0&search_session_id=7547668729317163046&possessStarId,抖音,汽车,566,"59,000","89,000","109,000",30%,35%,40%,"1-3单30%
3-8单35%
8单以上40%","可合作：抖音 视频号 红书
抖音时尚达人、微信视频号认证时尚潮流达人、去哪网聪明旅行官、",抖音、视频号、小红书,,,,
44,纪涵中,https://v.douyin.com/jpMjP5CFzL4/,https://www.xingtu.cn/ad/creator/author-homepage/douyin-video/6618427330752675847?market_track_id=GIHXGHGP69N377YSNEEE&search_session_id=7547668871269253147&possessStarId,抖音,汽车/旅行,557.1,"188,000","198,000","238,000",25%,28%,,"1-5单25%
5-10单28%
保（cpm40，cpe4）","纪涵中：兼具新晋奶爸、自由导演、西班牙研究生等多重身份的优质抖音博主，配备高精尖制作团队。精通电影风格高级感旅拍及创意十足的 vlog 创作。
可合作的平台有:抖音，微博
全平台分发优势",抖音、小红书、微博、视频号,,,,
45,张潇洒Rosa,https://www.douyin.com/user/MS4wLjABAAAArCimd37pmtZPRnWHz2RwlAgNdllP6kfHel3UlFyuWOc,https://www.xingtu.cn/ad/creator/author-homepage/douyin-video/7181800012072878141?market_track_id=7PANQ4IRAU0K5B7VY72S&search_session_id=7547669133392609331&possessStarId,抖音,汽车/旅行,515,"200,000","250,000","300,000",30%,,,抖音统一30%,"抖音官方旅行推荐官
中国文旅直播大会云游推荐官
中国文旅直播大会短视频创意大奖",抖音、小红书、视频号,,,,
46,方也,https://v.douyin.com/IlXqOorM_zU/,https://www.xingtu.cn/ad/creator/author-homepage/douyin-video/7375087243339251749?market_track_id=ERBIJ7HD5OUJNNHZHCLH&search_session_id=7553925276846899246&possessStarId,抖音,母婴/旅行/汽车,1103.2,"210,000","246,000","250,000",30%,,,抖音统一30%（cpm40，cpe4）,"寻光纪：抖音年度先锋创作者，拥有庞大且高黏性粉丝群体。其视频极具电影质感，善于从旅行、生活场景中自然融入产品。
视频号分发",抖音、小红书、视频号,,,,
47,糖炒李子,https://www.douyin.com/user/MS4wLjABAAAAbkG2OiORbsRJXhp2kzjg8mkoyc0_WqGPSdyal57XZDQ,https://www.xingtu.cn/ad/creator/author-homepage/douyin-video/7208948265927049274?market_track_id=XGLW049VIQ3TZADQZCLX&search_session_id=7547669894713344046&possessStarId,抖音,汽车/旅行,446.6,"100,000","128,888","158,888",30%,,,30%,,抖音、小红书,1126反馈：最新政策可以给到1-3单30%，3-5单33%，5单以上36%,,,
48,所长Wy,https://b23.tv/D4XLQ31,https://huahuo.bilibili.com/#/upper/page/497525820?referer=brand_square_common,B站,汽车,128.1,/,/,定制视频：500000,25%,,,25%,所长wy：B 站汽车领域头部 UP 主，荣获 2024 年 bilibili 百大 UP 主称号。擅长运用 “虚拟模型 + 现实拍摄” 手法，将复杂汽车智能科技原理可视化呈现，内容专业性极强。,B 站、抖音、小红书,,,,
49,高文君 Wendy,https://www.douyin.com/user/MS4wLjABAAAA5QmUYWFbxAFJWwNwePV6eU_o8ZPAfqOPyl6TVmfKoS8,https://www.xingtu.cn/ad/creator/author-homepage/douyin-video/7064818699856773157?market_track_id=NYOMMFS8HNOY796L0HDD&search_session_id=7547670139991457842&possessStarId,抖音,颜值、时尚,152.2,"50,000","109,800","119,800",30%,,,单平台30%，双平台打包37%,"哥大硕士，港大博士
2020亚洲小姐&最佳上镜小姐
脑暴综艺《超机智青年大会》选手
恋综《我们恋爱吧》女嘉宾
TED特邀演讲嘉宾",抖音、小红书、快手、b站、视频号,,,,
50,,https://www.xiaohongshu.com/user/profile/5928f62c50c4b417b0feead6,https://pgy.xiaohongshu.com/solar/pre-trade/blogger-detail/5928f62c50c4b417b0feead6?track_id=kolSearch_b45ea89e0ced421490a1c0d6d44381d2&source=Advertiser_Kol,小红书,,42.8,/,,图文报备：79800 视频报备：89800,30%,,,,,,,,,
51,HOLA小测佬,https://space.bilibili.com/406636263?spm_id_from=333.788.upinfo.head.click,https://huahuo.bilibili.com/#/upper/page/406636263?referer=brand_square_common,B站,美食,500,/,/,定制视频：330000,30%,35%,40%,"B站：30%
累计3单定制：35%
累计5单定制：40%
","B站连续2年TOP100 
B站年度百大UP主
抖音精选作者",B站、抖音、小红书、视频号,,,,
52,包子和饺子和肉丸子,"
http://v.douyin.com/mEBHJ1/

",https://www.xingtu.cn/ad/creator/author-homepage/douyin-video/6660700679570456589?market_track_id=YG36XHP43QNKH50DMDHT&search_session_id=7547660521072918566&possessStarId,抖音,母婴/剧情,1656.8,"160,000","210,000","250,000",30%,31%,32%,视频号，头条，懂车帝免费分发,全网母婴头部Top10，抖音cit年度最具价值达人,抖音、快手、视频号、头条、懂车帝,,,,
53,几分钟义务教室,https://b23.tv/3VBXDlc,https://huahuo.bilibili.com/#/upper/page/70783742?referer=brand_square_common,B站,专业汽车拆解/碰撞实验,103,/,/,定制视频：450000,,25%≤X,,,"B站头部汽车必选榜TOP7
B站汽车领域专业博主，具有非常专业的编导团队及摄影团队，团队整体配合度都很高
可配合完成多种汽车相关的大工程实验测评
如发动机拆解风洞测试、发动机拆解、假人军团等
与上汽大众、奥迪、沃尔沃、比亚迪等一线汽车品牌常年合作",B 站、抖音、小红书、视频号、微博,,,,
54,赵鹏皓和姐姐,https://v.douyin.com/Qd0WWdAMeO4/,https://www.xingtu.cn/ad/creator/author-homepage/douyin-video/6979915975554498568?market_track_id=LZLIXBFI62UHJZN2VV6K&search_session_id=7547667008680329225&possessStarId,抖音,搞笑剧情博主,690,"180,000","200,000","260,000",30%,,,,"搞笑短视频内容创作者
抖音星选计划达人
抖音新兴的姐弟剧情账号，日常内容风趣幽默，十分真实
达人配合度高，可合作类目广泛，粉丝黏性高
与海尔、早安咖、海龟爸爸、小米、京东、oppo等一线大牌深度合作",抖音、红书、快手、b站、视频号,,,,
55,崔磊-为思考点赞,https://www.douyin.com/user/MS4wLjABAAAAu-pWFoYF8sR38Vy7NRFdm9WQOgK_yav0l5TkI90nZZU,https://www.xingtu.cn/ad/creator/author-homepage/douyin-video/6639200820489355267?market_track_id=MH8JVTM0C5J7AWYCYG3N&search_session_id=7547662623261622310&possessStarId,抖音,财经,1406.5,"110,000","260,000","338,000",30%,,,,"头部必选榜·月榜·财经TOP2
抖音粉丝1400w+， 点赞超过1.6亿+
纪棠MCN董事长👍🏻
头条学堂签约讲师、巨量学认证讲师、抖音电商认证讲师
著名主持人，13年资深传统媒体从业经验
浙江科技新媒体联盟会长、清华大学硕士在读
浙江传媒学院播音主持艺术学院客座教授 可合作汽车、3C、快消、互联网、财经等多种领域项目",抖音、视频号、快手、小红书,,,,
56,飞飞的车COOL,https://space.bilibili.com/50693252,https://huahuo.bilibili.com/#/upper/page/50693252?referer=brand_square_common,B站,汽车,114.8,/,/,定制视频：550000,25%,30%,35%,1单25%（两单及以上返点30% 三单及以上 返点35%）,"B站汽车头部必选榜·TOP4
B站丝115w+ ，粉丝获赞700w+
真实女司机，自己买车自己测 豪车超跑 国产车车主 留英9年 真实人设强 粉丝粘性大 近期各大汽车品牌忠爱合作的博主 与华为 理想 奔驰 大众 奥迪 玛莎拉蒂 保时捷 路虎 领克等一线大牌多次合作",微博 抖音 视频号 西瓜视频 今日头条 汽车之家 懂车帝 易车,,,,
57,NMNP陈璟,https://space.bilibili.com/326783347,https://huahuo.bilibili.com/#/upper/page/326783347?referer=brand_square_common,B站,汽车,53.6,/,/,定制视频：350000,35%,,,返点35%,"B站年度体验测评up主
B站粉丝100w+、点赞500w+
90后少年，对汽车有非凡的热爱，更想把好的理念传达给观众
10年的改装玩车经验，对汽车有专业的知识储备！
拥有汽车场地赛照，专业跑赛道，拥有自己的线下汽车改装厂，对于汽车的认知和了解更专业 可做改装、测试、解说等多元内容🏎
只要你能想到的汽车品牌，都合作过！！",b站 视频号 抖音 小红书 微博,,,,
58,原来是兄长大人,https://www.douyin.com/user/MS4wLjABAAAAbsVMEpt-fua_wAoNF2E8RskqR6fC6Jq2MOepD6FkYtkJ3LRTzM9QHUwfUn2ynzJQ,https://www.xingtu.cn/ad/creator/author-homepage/douyin-video/6766034729918529543?market_track_id=SL22CKUWTDWPCZESRZRU&search_session_id=7547663465377202226&possessStarId,抖音,家庭/校园,1137.1,"47,100","53,300","60,000",30%,35%,,1-3单30%3单以上35%（如果涉及比价或者特殊项目可以直接给到35%）【合作时候其实可以直接35%】,"抖音头部剧情账号
初代头部剧情账号
抖音粉丝1100w+ ，获赞1.4亿+
最初以情感解读、人生感悟和成长经验分享为主要内容，吸引了一批忠实粉丝。
随着账号的发展，内容逐渐丰富，包括家庭故事、职场心得、人际关系等方面，涵盖了更广泛的生活话题。
与各大行业深度合作，包含汽车、快消食品等多种行业",抖音、快手、小红书、视频号,,,,
59,冰糖小小酥,https://www.douyin.com/user/MS4wLjABAAAAl0Q-MIORzDupcWzXavXn34bGD8VlQdbOouU3-it9s0OqStEicA3ebgXSEM91563k,https://www.xingtu.cn/ad/creator/author-homepage/douyin-video/6868197671186743309?market_track_id=LDW8JDAXJASNSBI327DD&search_session_id=7547669122524971054&possessStarId,抖音,情侣 vlog,542.4,"100,000","150,000","200,000",30%,,,30%保kpi,"抖音高颜值情侣账号
真实生活状态记录者
抖音粉丝500w+、深度链接用户1000w+、点赞1.8亿+
星图指数行业排名前10%（视频完播率11.1%，互动率5.3%） 
预期CPM: 40 ，星图播放中位数: 413.5w，
观众画像——核心三大（z时代、小镇青年、新锐白领）占比92.7%
合作涵盖多种领域视频数据优秀互动强 曾与京东、得物、资生堂、饿了么、领克、吉利、曼卡龙、花西子等一线大牌多次合作",抖音、小红书、视频号,,,,
60,玩车教授,https://www.douyin.com/user/MS4wLjABAAAA2suzxkjl9gh5ekGHCF-CAmoQzNSaJMx57Y9Tf_-8o_w,https://www.xingtu.cn/ad/creator/author-homepage/douyin-video/6747589744776970243?market_track_id=GKYS4FC5ZPZYIBEARGPL&search_session_id=7547668717649182730&possessStarId,抖音,汽车,559.8,"80,000","200,000","240,000",30%,,,30%保kpi,"玩车教授：头部汽车账号
高潜榜·周榜·汽车·第19名
抖音粉丝500w+，懂车帝粉丝600w+，全网粉丝超3000w
垂类汽车达人，新豪华专业户
智能化新车体验&种草为主，聚焦新豪华、智能驾驶
涉及泛汽车生活话题，粉丝们的贴心买车顾问，播放和互动性强 与一线大牌理想、大众、凯迪拉克等多次合作🚗",微信、抖音、懂车帝、聚光、视频号,,2,,
61,东北滴小贾老师,https://www.douyin.com/user/MS4wLjABAAAA8xDBul3dQsxwZJutJwzpcibM6bxpc1DhYSJiKYGaBVI,https://www.xingtu.cn/ad/creator/author-homepage/douyin-video/6870164396090327053?market_track_id=G6KT6FS03KHAMW05PSJ2&search_session_id=7547665438441226290&possessStarId,抖音,三农/生活,804.5,"240,000","270,000","298,000",30%,35%,,1-6单30%，6单以上35%,"2025最具商业价值kol
A3种草榜 周榜 TOP12
抖音粉丝780w+、深度链接用户1300w+、点赞2.1亿+
月链接用户数2000w+
曾是高中语文老师，现在拍摄农村温馨家庭生活
曾与京东、得物、资生堂、饿了么、领克、吉利、曼卡龙、花西健达，修可芙，羽素，小度，五菱，丸美，韩束多次合作",抖音、快手、视频号、小红书,,,,
62,快男fastboy,https://www.douyin.com/user/MS4wLjABAAAAyCovnP8UvbrPZDop-1j5DjNTG1-8X4_naTxxcclWB4k?from_tab_name=main,https://www.xingtu.cn/ad/creator/author-homepage/douyin-video/7288169149182771241?market_track_id=4DA7AOR6EATOOMKY59WI&search_session_id=7547663985387044910&possessStarId,抖音,汽车,984,"200,000","298,000","328,000",30%,,,返点30%保kpi,"抖音、B站头部汽车达人
bilibili汽车哔斯卡得主
抖音粉丝900W+，B站粉丝20W+，全网粉丝1000W+。
汽车圈的 “奥斯卡”得主，
每一辆车都有TA的故事，
每一个车评都是一部微电影。
与一汽、广汽、小米、阿维塔、长城、比亚迪、迈凯轮、法拉利等一线大牌汽车深度合作🚗",抖音、B站、懂车帝,,,,
63,刀小刀sama,https://www.douyin.com/user/MS4wLjABAAAAjokzGmEP4JWyomHlRwsqQNLjCqW-3Ao3zzrgJrik9ew,https://www.xingtu.cn/ad/creator/author-homepage/douyin-video/6763255570502778892?market_track_id=EENXQKXBZ1FWNTKB0F4U&search_session_id=7547660336665755686&possessStarId,抖音,颜值/美妆,1676.9,"200,000","250,000","300,000",30%,32%,,返点30%，2单以上32%,"抖音头部颜值账号
抖音粉丝2000万+，内容传播力强，单条视频常破亿播放
甩发换装风格独特，辨识度高，适配时尚、美妆等多类品牌
商业变现能力突出，过往专场直播交易额超200万，带货效率高，能为品牌带来良好曝光与转化
与一线大牌阿玛尼、OLAY、乌苏、伊利、VIVO、波司登、、凯迪拉克、哈弗、东风日产等多次合作",抖音、小红书,,,,
64,彦儿,https://www.douyin.com/user/MS4wLjABAAAA_W83nYbVqC5M9bEsrbuLlji8WVSOdyWrz-7_KuhoAas,https://www.xingtu.cn/ad/creator/author-homepage/douyin-video/6701875533669466123?market_track_id=5X3JKIUQXPR55APMHUR4&search_session_id=7547664067104817198&possessStarId,抖音,剧情,973,"158,000","178,000","188,000",30%,32%,,返点30%，2单以上32%,"抖音头部剧情、颜值账号
品牌优选榜·周榜·日化·第5名
抖音粉丝900万+，短剧单集播放破亿
以大女主逆袭剧情精准触达25-35岁女性
深度种草逻辑：通过职场歧视、婚姻危机等冲突场景，自然植入护肤品（逆袭妆容）、家电（独立生活必备）、快消品等多品类，用户主动求链接比例达12%。",抖音、小红书、视频号,,7,,
65,康康和爷爷,https://www.douyin.com/user/MS4wLjABAAAAjoHZDBqJn14lTMqs9gAv7qrJ_OIHEu3Zkqaf3BWDHfIIeDCGCTkWs5yENOsDgr1y,https://www.xingtu.cn/ad/creator/author-homepage/douyin-video/6746789347472703491?market_track_id=XNNB8HI7WO7FCNVB1GCG&search_session_id=7547667727466217481&possessStarId,抖音,生活/穿搭,620.2,"150,000","180,000","200,000",30%,32%,,返点30%，2单以上32%,"2025最具商业价值kol
A3种草榜·周榜·TOP10
坐拥650万粉丝，覆盖各年龄段
89岁爷爷的多巴胺穿搭和时尚造型，搭配与孙子的温馨互动，内容新奇有吸引力。退休大学教师的身份，传递热爱生活的正能量价值观，能提升品牌美誉度。吸引时尚、泛户外、家庭等多圈层关注，能扩大品牌影响力和受众范围。",抖音、小红书,,,,
66,夏叔厨房,https://www.douyin.com/user/MS4wLjABAAAAYT9oc6rr0kDXBlwIvBAK7W2ZH134Uq9X-_FdAjJnK_fhwKc3b8d_FZfQdY6EiJJX,https://www.xingtu.cn/ad/creator/author-homepage/douyin-video/6870170359392370696?market_track_id=K774TFJSRO9OY9HMDJPZ&search_session_id=7547658592448233482&possessStarId,抖音,美食,2000,"168,000","188,000","259,800",30%,,,返点30%,"抖音头部美食达人
A3种草榜·月榜·3C及电器·第5名
抖音粉丝2000W+，月链接用户数17000w+，全网粉丝7000W+
中国 烹饪大师、中国 药膳大师、国家 高级烹调技师
与多品牌合作单条短视频播放量5000w+
短视频带货3000万+/年1000万级短视频100余条
与金龙鱼、胡姬花、汤臣倍健、李锦记、海天等一线大牌深度合作",抖音、小红书、快手、视频号、B站,,,,
67,鹿姐说车,https://www.douyin.com/user/MS4wLjABAAAA1lWM7oPwFpGoRL1TkDc0JygcMJmG7gDMIeLlQ9dijSs,https://www.xingtu.cn/ad/creator/author-homepage/douyin-video/6677900201262317572?market_track_id=NY7QRHYX3NOCAAIBINLO&search_session_id=7547669849536299035&possessStarId,抖音,汽车,447.6,"50,000","120,000","140,000",35%,37%,40%,1-3单：35%，3-5单：37%，5单以上：40%,"抖音精选汽车达人
抖音精选汽车达人
抖音粉丝400w+，覆盖各年龄段
从事汽车行业10余年， 擅长通过故事场景， 融入汽车知识和产品卖点。 试驾车型超百辆，持续分享选车用车知识
与一线汽车品牌吉利，长城，比亚迪，鸿蒙智行，大众，别克，雪佛兰，奥迪，宝马，奔驰，沃尔沃，凯迪拉克等多次合作",抖音、小红书、视频号,第一梯度,1,,
68,王七叶,https://www.douyin.com/user/MS4wLjABAAAAx9bJJ-j_53d3oTtZGZ5c1Eo2ZhGRIerp0QrsHK5Dc8I?from_tab_name=main,https://www.xingtu.cn/ad/creator/author-homepage/douyin-video/7099623871686377480?market_track_id=G04Q26HNH00G3PJKJ0V8&search_session_id=7547661182179196937&possessStarId,抖音,剧情/搞笑,1474,"600,000","600,000","700,000",30%,,,返点30%,"抖音头部剧情、颜值账号
抖音粉丝1400w万+，短剧单集播放破亿
视频内容主打颜值+搞笑垂类，结合港风喜剧元素，演绎情
感话题，“ 勇敢表达自我 ”的女性力量
半年快速涨粉500W+，一年涨粉1000W+
全品类品牌都可合作",抖音、快手、视频号、小红书、微博、B站,,,,
69,黄林熠Adam,https://www.douyin.com/user/MS4wLjABAAAAsJes-RFRMAEXIzNqWYR2HbKbzvcATIIl8WorW6eJjEQ?from_tab_name=main,https://www.xingtu.cn/ad/creator/author-homepage/douyin-video/6726824580444340235?market_track_id=M4WTS9L4UNHHYWNX7HXX&search_session_id=7547667693615267867&possessStarId,抖音,汽车,632.8,"120,000","298,000","328,000",30%,31%,32%,1-3单返点30%，3-5单31%，5单后每单加2%,"抖音精选汽车达人
中国汽车耐力锦标赛官方评论员
抖音粉丝600w+，月链接用户数1200w+，获赞1.4亿
前名车志视频总监、F1中国电竞赛官方评论员
CEC中国汽车耐力锦标赛 官方双语主持人
WERC世界电竞挑战赛 官方评论员/主持人
前China GT官方双语主持人
与一线汽车品牌宝马、奥迪、林肯等多次合作",抖音、视频号、汽车之家、懂车帝,,1,,
70,驴驴baby,https://www.douyin.com/user/MS4wLjABAAAAlfvB70WNDdjfdNKi4Wh-Geb-cCU0-xPU5MfQDTOCw-Q,https://www.xingtu.cn/ad/creator/author-homepage/douyin-video/6832607510709403661?market_track_id=OJBDTNZMUIVKXK2CZN5C&search_session_id=7551613951467487241&possessStarId,抖音,车评,358.6,"150,000","170,000","190,000",30%,32%,35%,1-3单：30%，3-5单：32%，5单以上：35%,"驴驴baby为抖音垂直领域创作者，专注于汽车评测、行业分析等内容，其账号风格结合专业性与娱乐化表达，在抖音汽车垂类中具有较高影响力；

行业排名‌：2025年4月至6月期间，其账号稳定位列抖音汽车达人榜单前20名，最高单日排名达第2位（2025年4月10日）。‌
‌互动数据‌：单条视频平均获赞超10万，评论互动量约1.2万-5.2万（根据2025年5-6月榜单推算）。‌
‌粉丝增长‌：2025年上半年粉丝量从约340万增长至350万，增速稳定。‌",抖音、视频号,,,,
71,姜小团团,https://www.douyin.com/user/MS4wLjABAAAAf4xNGPla1VyghbomGOfRoQDhvQMrMsMbrL0ZOkebyKk,https://www.xingtu.cn/ad/creator/author-homepage/douyin-video/6596679542230745102?market_track_id=JALSJZ0ET908TR2Z7687&search_session_id=7551615626169335834&possessStarId,抖音,情侣/生活,936.2,"190,000","220,000","240,000",30%,,,最高返点30%,姜小团团是斗鱼游戏主播、歌手，以搞笑解说风格和魔性配音走红。2019年获斗鱼粉丝节冠军，成为首位获奖女主播，全网粉丝超6000万,抖音、小红书,,,,
72,壹拍即合环游记,https://v.douyin.com/kH35fvw,https://www.xingtu.cn/ad/creator/author-homepage/douyin-video/7185867647823659065?market_track_id=7C2Z4O8P74QV1PU0PQ40&search_session_id=7553925686151446555&possessStarId,抖音,汽车旅行,901.6,"99,800","128,800","148,800",27%,30%,,"1-5单27%
5-10单30%",,视频号、小红书,,,,
73,四四(壹拍即合),https://v.douyin.com/ih3oyas,https://www.xingtu.cn/ad/creator/author-homepage/douyin-video/6963194384653238308?market_track_id=73WUXEXD5FG1PPGHGPOJ&search_session_id=7553927037292019763&possessStarId,抖音,运动汽车旅行,362.7,"50,000","70,000","80,000",30%,35%,,"1-5单30%
5-10单35%",,视频号、小红书,,,,
74,屿纪(奶爸版),https://v.douyin.com/erqYGrY,https://www.xingtu.cn/ad/creator/author-homepage/douyin-video/6839641874072862733?market_track_id=ETSQIP2WRFCLLU2CGS8N&search_session_id=7553927492529569830&possessStarId,抖音,家庭奶爸汽车,207.2,"56,600","66,600","88,800",30%,35%,,"1-5单30%
5-10单35%",,视频号、小红书,,,,
75,游亦,https://v.douyin.com/YfTp4cK,https://www.xingtu.cn/ad/creator/author-homepage/douyin-video/7104290665034416136?market_track_id=4L4XZ89IAEYYG03QC15W&search_session_id=7553928070064504841&possessStarId,抖音,汽车,233.2,"40,000","50,000","70,000",30%,35%,,"1-5单30%
5-10单35%",,视频号、小红书,,,,
76,玩车日志CarsJournal,https://space.bilibili.com/1599697382?spm_id_from=333.337.0.0,https://huahuo.bilibili.com/#/upper/page/1599697382?referer=brand_square_common,B站,汽车,41.2,/,/,定制视频：200000,30%,,,返点30%,"抖音粉丝101w | B站粉丝41w | Bilibili2024年度黑马Up主
连续20条内容全站热门2条全站每周必看内容
赛道，山路，多车测评，游记测评等多元化发展的Z时代汽车博主🏎",抖音、B站、小红书、视频号,,,,
77,WAVEBEE,https://space.bilibili.com/178649701?spm_id_from=333.337.0.0,https://huahuo.bilibili.com/#/upper/page/178649701?referer=brand_square_common,B站,汽车,30,/,/,定制视频：249999,30%,,,返点30%,"B站粉丝30w | Bilibili2023汽车多元特色奖 & 2024年度黑马Up主
做车评十年，从Youtube/Instagram英语节目起步。
赛道/线上双线并行：2024 CEC GT4（成都站）季军 / 领客杯（宁波站）亚军。",B站,,,,
78,张之助, https://v.douyin.com/mDgdmDEba5o/,https://www.xingtu.cn/ad/creator/author-homepage/douyin-video/6629666898638274568?market_track_id=O0LVZ2KT64D5WW679LF8&search_session_id=7559540411232976906&possessStarId,抖音,剧情搞笑,1024.4,"60,000","80,000","100,000",30%,,,返点30%,超头部一人分饰多角搞笑剧情演绎博主，原创生活喜剧风格深受粉丝的喜欢，可自然植入各品类产品，配合度超高。,视频号、小红书,,,,
79,张金条, https://v.douyin.com/ZsKu7GK4UVM/,https://www.xingtu.cn/ad/creator/author-homepage/douyin-video/6781634409817702407?market_track_id=A1QT2YBGRFMDKTIEZCN5&search_session_id=7566825310420467721&possessStarId,抖音,剧情搞笑,532.1,"180,000","250,000","280,000",30%,,,返点30%,500 万网友认证的‘快乐充电器’，用最真实的搞笑细胞，让你刷到就忍不住咧嘴笑。,抖音、快手、B站、小红书、视频号,,,,
80,紫菜蛋花兔, https://v.douyin.com/F3Ok2AACzC8/,https://www.xingtu.cn/ad/creator/author-homepage/douyin-video/6629184026739474445?market_track_id=BHSY686BX4416BPCYGWH&search_session_id=7566825653408940041&possessStarId,抖音,剧情搞笑,521.3,"55,000","55,000","75,000",30%,,,返点30%,软萌的外表搭配猛男的内在，用最强的反差展示搞笑灵魂 ,抖音、快手、B站、小红书、视频号,,,,
81,云吞它爹, https://v.douyin.com/bPJuInyUV6M/,https://www.xingtu.cn/ad/creator/author-homepage/douyin-video/6794751155218939912?market_track_id=YYCZ15CFS391DLJ9O3SC&search_session_id=7566827783929511974&possessStarId,抖音,剧情搞笑,1255.4,"160,000","400,000","450,000",30%,,,返点30%,家庭情景剧创作风格独特，以“艺术之家催婚”系列引发广泛共鸣，互动数据亮眼。人设亲切真实，用户粘性高，18-30岁粉丝占比大，能助力汽车品牌实现跨圈层传播和高效种草。,抖音、快手、B站、小红书、视频号,,,,
82,林述巍-林大厨,https://v.douyin.com/Ah76IMNJ2jA/,https://www.xingtu.cn/ad/creator/author-homepage/douyin-video/6794891934574837767?market_track_id=RTG3ST808H5CHR7PYROE&search_session_id=7573970201386778675&possessStarId,抖音,美食,569.7,"100,000","150,000","190,000",30%,35%,,1-3单30%，3单以上35%,"国民星厨，曾担任联合国世界旅游组织大会晚宴菜单设计总厨、G20 财长峰会成都晚宴主厨、成都全球财富论坛晚宴总厨等。
《中餐厅》第三、四、七、八、九季主厨，曾作为嘉宾参与央视《三餐四季》、《快乐大本营》《天天向上》《你好星期六》等综艺节目的录制。",抖音、快手、B站、小红书、视频号,,,,
83,吃不饱仨战士,https://v.douyin.com/XBAub70_nuY/,https://www.xingtu.cn/ad/creator/author-homepage/douyin-video/6968404357003870247?market_track_id=6KLOW5ANDLC84GUD67BX&search_session_id=7573972046855421978&possessStarId,抖音,美食,959.2,"125,000","183,600","210,100",30%,35%,40%,1-3单30%，3-8单35%，8单以上40%,全网粉丝超千万，美食垂类头部达人，内容以高品质、真体验探店为核心，视频感染力强易引发共鸣，具备强大的品牌带货与场景化种草能力。,抖音、快手、B站、小红书、视频号,,,,
84,陈嘉伦整个路人,https://v.douyin.com/XldoC4G9YEI/,https://www.xingtu.cn/ad/creator/author-homepage/douyin-video/6794302561831632903?market_track_id=UYB3S6ZHV18QNUSHPG0I&search_session_id=7573973948519202826&possessStarId,抖音,剧情搞笑,618.1,"150,000","180,000","200,000",30%,32%,,1-3单30%，3单以上32%,曾因全网首创出“电梯从众系列”、“疯狂的BGM系列”、“腋毛美女系列”而迅速爆火走红，获得网友们的喜爱。以其独特的路人视角和真实体验，巧妙融合品牌信息，实现高效曝光与口碑沉淀。,抖音、快手、B站、小红书、视频号,,,,
85,高文麒,https://v.douyin.com/9nbfGj81gIY/,https://www.xingtu.cn/ad/creator/author-homepage/douyin-video/7183498027762450436?market_track_id=PWUWBGZ9D56UV1T5BRNB&search_session_id=7573974726969376806&possessStarId,抖音,美食,268.4,"68,000","78,000","120,000",30%,32%,35%,1-3单30%，3-5单32%，5单以上35%,"智趣兼备的美食文化说书人
《舌尖上的美食》1-2季 美食顾问
腾讯视频《风味人间》美食顾问
东方卫视《家国万里》探访嘉宾
浙江卫视《听说很好吃》嘉宾
河南卫视《中国有好菜》顾问
山西卫视《世界面食大会》评委",抖音、小红书、B站,,,,
86,峻宁峻宁,https://v.douyin.com/qBcf0-wurMQ/,https://www.xingtu.cn/ad/creator/author-homepage/douyin-video/6987170622895816712?market_track_id=ARC7B3YJ0H0GMT9XR95I&search_session_id=7573982005348745266&possessStarId,抖音,剧情搞笑,1378.3,"80,000","200,000","230,000",30%,,,返点30%,"内容上创意新颖，如憋笑挑战、闻物猜物、数字炸弹挑战等小游戏独具特色。
幽默的表演与夸张的演绎让人忍俊不禁，这些内容为观众带来欢乐与轻松，让人沉浸其中也因此收获大量粉丝关注和喜爱。",抖音、快手、B站、小红书、视频号,,,,
87,路边小郎君,https://v.douyin.com/FtQUSyhwBI4/,https://www.xingtu.cn/ad/creator/author-homepage/douyin-video/6596678263983046669?market_track_id=9QRJKTGYY4YJ4KU2TWBT&search_session_id=7573986554738114570&possessStarId,抖音,剧情搞笑,1140,"68,800","84,800","93,800",30%,,,返点30%,千万粉丝家庭vlog账号，星图常上榜，品牌优选榜·周榜·日化第2名,抖音、快手、B站、小红书、视频号,,,,
88,真子日记,https://v.douyin.com/HMIhKN7tnMQ/,https://www.xingtu.cn/ad/creator/author-homepage/douyin-video/6860381896111554571?market_track_id=A9RQBBKUSQI596OK87GB&search_session_id=7573987207887814683&possessStarId,抖音,剧情搞笑,935.1,"250,000","300,000","350,000",30%,,,返点30%,抖音知名创意达人，单条视频播放量破亿，话题总播放量超10亿，展现了强大的内容爆款制造力。,抖音、快手、B站、小红书、视频号,,,,
89,麒麟妈妈,https://v.douyin.com/_0gcdKTRmQ0/,https://www.xingtu.cn/ad/creator/author-homepage/douyin-video/6844155475877953544?market_track_id=AUYJ7O7HJO17K5VCZI27&search_session_id=7573987842679078938&possessStarId,抖音,母婴亲子,642.9,"99,800","110,900","122,000",31%,32%,,1-3单31%，3单以上32%,作为一名拥有600万粉丝的双胞胎妈妈博主，她通过分享带娃出游的精彩日常，在育儿领域建立起广泛影响力，内容常被媒体和家长引用。凭借其独特的亲和力，她频繁获邀参与母婴店、游乐场及车展等商业合作，展现出卓越的品牌推广实力。,抖音,,,,
90,小鑫cc,https://v.douyin.com/k0AgFly_3Bc/,https://www.xingtu.cn/ad/creator/author-homepage/douyin-video/7048215089651908638?market_track_id=LCKEFCWWGN9C48F5YMIT&search_session_id=7576955034807107622&possessStarId,抖音,旅行,531,"75,000","80,000","100,000",30%,33%,36%,1-3单30%，3-5单33%，5单以上36%,演员，旅行达人，非遗传承人,抖音,,,,
91,虎爹儿,https://v.douyin.com/LhkrKZJo4-0/,https://www.xingtu.cn/ad/creator/author-homepage/douyin-video/7246319835875901500?market_track_id=5POY3L4TM303YJSK164U&search_session_id=7576955333777178675&possessStarId,抖音,旅行,504.3,"100,000","158,888","188,888",30%,33%,36%,1-3单30%，3-5单33%，5单以上36%,电视台合作主持人，专业主持人，非遗传承人,抖音,,,,
